subset_name,session_label,run_id,run_uid,start_time_utc,end_time_utc,segmentation_valid,point_count,duration_s,vertical_drop_m,speed_mean_ms,speed_p95_ms,vvert_mean_ms,path_len_m,n_hr_samples,hr_mean_bpm,impulse_hr_above_rest_bpms,edwards_trimp,z_mech,z_internal,combined_load_v2,pipeline_status,failure_reason,perturbation_type,perturbation_level,repeat_id,seed
primary,polar_session_2026-02-03_09-55-13,run_05,polar_session_2026-02-03_09-55-13::run_05,2026-02-03 03:29:08.473000+00:00,2026-02-03 03:33:17.789000+00:00,1,250,249.316,328.541164686166,7.818986297563068,23.327145928436725,-1.335130685312084,1980.5749269264052,249,118.21285140562249,15740.0,5.749999999999999,-0.40844334650072756,-0.2926671333804062,-0.35055523994056687,success,,elevation,2.0,1,4342
primary,polar_session_2026-02-03_09-55-13,run_05,polar_session_2026-02-03_09-55-13::run_05,2026-02-03 03:29:08.473000+00:00,2026-02-03 03:33:17.789000+00:00,1,250,249.316,325.2858946714125,7.818986297563068,23.327145928436725,-1.6022895865775153,1980.5749269264052,249,118.21285140562249,15740.0,5.749999999999999,-0.42768086132587174,-0.2926671333804062,-0.36017399735313893,success,,elevation,2.0,2,4443
primary,polar_session_2026-02-03_09-55-13,run_05,polar_session_2026-02-03_09-55-13::run_05,2026-02-03 03:29:08.473000+00:00,2026-02-03 03:33:17.789000+00:00,1,250,249.316,328.0642219160907,7.818986297563068,23.327145928436725,-1.4810604266271543,1980.5749269264052,249,118.21285140562249,15740.0,5.749999999999999,-0.4112619125700507,-0.2926671333804062,-0.3519645229752284,success,,elevation,2.0,3,4544
primary,polar_session_2026-02-03_09-55-13,run_05,polar_session_2026-02-03_09-55-13::run_05,2026-02-03 03:29:08.473000+00:00,2026-02-03 03:33:17.789000+00:00,1,250,249.316,326.93148819881094,7.818986297563068,23.327145928436725,-1.4049853679391753,1980.5749269264052,249,118.21285140562249,15740.0,5.749999999999999,-0.4179559752992095,-0.2926671333804062,-0.3553115543398079,success,,elevation,2.0,4,4645
primary,polar_session_2026-02-03_09-55-13,run_05,polar_session_2026-02-03_09-55-13::run_05,2026-02-03 03:29:08.473000+00:00,2026-02-03 03:33:17.789000+00:00,1,250,249.316,328.1296771369482,7.818986297563068,23.327145928436725,-1.3890861313926126,1980.5749269264052,249,118.21285140562249,15740.0,5.749999999999999,-0.41087509495556007,-0.2926671333804062,-0.3517711141679831,success,,elevation,2.0,5,4746
primary,polar_session_2026-02-03_09-55-13,run_05,polar_session_2026-02-03_09-55-13::run_05,2026-02-03 03:29:08.473000+00:00,2026-02-03 03:33:17.789000+00:00,1,250,249.316,331.93194219772704,7.818986297563068,23.327145928436725,-1.5572126161815922,1980.5749269264052,249,118.21285140562249,15740.0,5.749999999999999,-0.388405029448137,-0.2926671333804062,-0.3405360814142716,success,,elevation,5.0,1,4347
primary,polar_session_2026-02-03_09-55-13,run_05,polar_session_2026-02-03_09-55-13::run_05,2026-02-03 03:29:08.473000+00:00,2026-02-03 03:33:17.789000+00:00,1,250,249.316,324.44963433342446,7.818986297563068,23.327145928436725,-1.343626691286167,1980.5749269264052,249,118.21285140562249,15740.0,5.749999999999999,-0.4326228693856682,-0.2926671333804062,-0.3626450013830372,success,,elevation,5.0,2,4448
primary,polar_session_2026-02-03_09-55-13,run_05,polar_session_2026-02-03_09-55-13::run_05,2026-02-03 03:29:08.473000+00:00,2026-02-03 03:33:17.789000+00:00,1,250,249.316,326.99312569488006,7.818986297563068,23.327145928436725,-1.276849356671763,1980.5749269264052,249,118.21285140562249,15740.0,5.749999999999999,-0.4175917191118455,-0.2926671333804062,-0.35512942624612587,success,,elevation,5.0,3,4549
primary,polar_session_2026-02-03_09-55-13,run_05,polar_session_2026-02-03_09-55-13::run_05,2026-02-03 03:29:08.473000+00:00,2026-02-03 03:33:17.789000+00:00,1,250,249.316,330.48922770604986,7.818986297563068,23.327145928436725,-1.5106127397770974,1980.5749269264052,249,118.21285140562249,15740.0,5.749999999999999,-0.39693097085892715,-0.2926671333804062,-0.34479905211966666,success,,elevation,5.0,4,4650
primary,polar_session_2026-02-03_09-55-13,run_05,polar_session_2026-02-03_09-55-13::run_05,2026-02-03 03:29:08.473000+00:00,2026-02-03 03:33:17.789000+00:00,1,250,249.316,325.2026542238186,7.818986297563068,23.327145928436725,-1.4068166649175373,1980.5749269264052,249,118.21285140562249,15740.0,5.749999999999999,-0.4281727834513426,-0.2926671333804062,-0.3604199584158744,success,,elevation,5.0,5,4751
primary,polar_session_2026-02-03_09-55-13,run_05,polar_session_2026-02-03_09-55-13::run_05,2026-02-03 03:29:08.473000+00:00,2026-02-03 03:33:17.789000+00:00,1,250,249.316,327.3428955078125,10.157374564040303,24.453972924122887,-1.296814238350502,2477.327815046331,249,118.21285140562249,15740.0,5.749999999999999,-0.41552470103617745,-0.2926671333804062,-0.3540959172082918,success,,position,2.0,1,4352
primary,polar_session_2026-02-03_09-55-13,run_05,polar_session_2026-02-03_09-55-13::run_05,2026-02-03 03:29:08.473000+00:00,2026-02-03 03:33:17.789000+00:00,1,250,249.316,327.3428955078125,9.75748307568739,23.033527321248553,-1.2967493287960943,2374.095734734729,249,118.21285140562249,15740.0,5.749999999999999,-0.41552470103617745,-0.2926671333804062,-0.3540959172082918,success,,position,2.0,2,4453
primary,polar_session_2026-02-03_09-55-13,run_05,polar_session_2026-02-03_09-55-13::run_05,2026-02-03 03:29:08.473000+00:00,2026-02-03 03:33:17.789000+00:00,1,250,249.316,327.3428955078125,9.997743690907773,23.56706492845033,-1.2964952991387368,2433.795055178068,249,118.21285140562249,15740.0,5.749999999999999,-0.41552470103617745,-0.2926671333804062,-0.3540959172082918,success,,position,2.0,3,4554
primary,polar_session_2026-02-03_09-55-13,run_05,polar_session_2026-02-03_09-55-13::run_05,2026-02-03 03:29:08.473000+00:00,2026-02-03 03:33:17.789000+00:00,1,250,249.316,327.3428955078125,10.012549224874903,24.665434211425577,-1.5234210720040773,2443.340048462301,249,118.21285140562249,15740.0,5.749999999999999,-0.41552470103617745,-0.2926671333804062,-0.3540959172082918,success,,position,2.0,4,4655
primary,polar_session_2026-02-03_09-55-13,run_05,polar_session_2026-02-03_09-55-13::run_05,2026-02-03 03:29:08.473000+00:00,2026-02-03 03:33:17.789000+00:00,1,250,249.316,327.3428955078125,10.038400725929966,24.06961453886243,-1.2963536338863864,2444.352257141124,249,118.21285140562249,15740.0,5.749999999999999,-0.41552470103617745,-0.2926671333804062,-0.3540959172082918,success,,position,2.0,5,4756
primary,polar_session_2026-02-03_09-55-13,run_05,polar_session_2026-02-03_09-55-13::run_05,2026-02-03 03:29:08.473000+00:00,2026-02-03 03:33:17.789000+00:00,1,250,249.316,327.3428955078125,13.94181441715128,28.158734052479183,-1.5244876018918605,3452.326750177971,249,118.21285140562249,15740.0,5.749999999999999,-0.41552470103617745,-0.2926671333804062,-0.3540959172082918,success,,position,5.0,1,4357
primary,polar_session_2026-02-03_09-55-13,run_05,polar_session_2026-02-03_09-55-13::run_05,2026-02-03 03:29:08.473000+00:00,2026-02-03 03:33:17.789000+00:00,1,250,249.316,330.1943359375,13.436795744769725,28.832561547232622,-1.5353187362808385,3315.5382026860143,249,118.21285140562249,15740.0,5.749999999999999,-0.39867367875829646,-0.2926671333804062,-0.3456704060693513,success,,position,5.0,2,4458
primary,polar_session_2026-02-03_09-55-13,run_05,polar_session_2026-02-03_09-55-13::run_05,2026-02-03 03:29:08.473000+00:00,2026-02-03 03:33:17.789000+00:00,1,250,249.316,333.072998046875,13.123872244160767,31.291392796883226,-1.5457589065570574,3232.179144328638,249,118.21285140562249,15740.0,5.749999999999999,-0.3816617858109533,-0.2926671333804062,-0.33716445959567976,success,,position,5.0,3,4559
primary,polar_session_2026-02-03_09-55-13,run_05,polar_session_2026-02-03_09-55-13::run_05,2026-02-03 03:29:08.473000+00:00,2026-02-03 03:33:17.789000+00:00,1,250,249.316,327.3428955078125,13.348157936250992,27.629356070817426,-1.5241102670758138,3297.619693602206,249,118.21285140562249,15740.0,5.749999999999999,-0.41552470103617745,-0.2926671333804062,-0.3540959172082918,success,,position,5.0,4,4660
primary,polar_session_2026-02-03_09-55-13,run_05,polar_session_2026-02-03_09-55-13::run_05,2026-02-03 03:29:08.473000+00:00,2026-02-03 03:33:17.789000+00:00,1,250,249.316,331.1917724609375,13.88006803015524,29.165670862855276,-1.5396518823214562,3414.682527461603,249,118.21285140562249,15740.0,5.749999999999999,-0.3927791754391233,-0.2926671333804062,-0.34272315440976475,success,,position,5.0,5,4761
primary,polar_session_2026-02-03_09-55-13,run_05,polar_session_2026-02-03_09-55-13::run_05,2026-02-03 03:29:08.473000+00:00,2026-02-03 03:33:16.774000+00:00,1,125,248.301,326.245361328125,7.831226210281277,12.630644092637636,-1.2935211737314745,1959.4081505138904,248,118.27822580645162,15693.0,5.7333333333333325,-0.42201074672736405,-0.29845185935165325,-0.3602313030395087,success,,sampling,2.0,1,4362
primary,polar_session_2026-02-03_09-55-13,run_05,polar_session_2026-02-03_09-55-13::run_05,2026-02-03 03:29:08.473000+00:00,2026-02-03 03:33:16.774000+00:00,1,125,248.301,326.245361328125,7.831226210281277,12.630644092637636,-1.2935211737314745,1959.4081505138904,248,118.27822580645162,15693.0,5.7333333333333325,-0.42201074672736405,-0.29845185935165325,-0.3602313030395087,success,,sampling,2.0,2,4463
primary,polar_session_2026-02-03_09-55-13,run_05,polar_session_2026-02-03_09-55-13::run_05,2026-02-03 03:29:08.473000+00:00,2026-02-03 03:33:16.774000+00:00,1,125,248.301,326.245361328125,7.831226210281277,12.630644092637636,-1.2935211737314745,1959.4081505138904,248,118.27822580645162,15693.0,5.7333333333333325,-0.42201074672736405,-0.29845185935165325,-0.3602313030395087,success,,sampling,2.0,3,4564
primary,polar_session_2026-02-03_09-55-13,run_05,polar_session_2026-02-03_09-55-13::run_05,2026-02-03 03:29:08.473000+00:00,2026-02-03 03:33:16.774000+00:00,1,125,248.301,326.245361328125,7.831226210281277,12.630644092637636,-1.2935211737314745,1959.4081505138904,248,118.27822580645162,15693.0,5.7333333333333325,-0.42201074672736405,-0.29845185935165325,-0.3602313030395087,success,,sampling,2.0,4,4665
primary,polar_session_2026-02-03_09-55-13,run_05,polar_session_2026-02-03_09-55-13::run_05,2026-02-03 03:29:08.473000+00:00,2026-02-03 03:33:16.774000+00:00,1,125,248.301,326.245361328125,7.831226210281277,12.630644092637636,-1.2935211737314745,1959.4081505138904,248,118.27822580645162,15693.0,5.7333333333333325,-0.42201074672736405,-0.29845185935165325,-0.3602313030395087,success,,sampling,2.0,5,4766
primary,polar_session_2026-02-03_09-55-13,run_05,polar_session_2026-02-03_09-55-13::run_05,2026-02-03 03:29:08.473000+00:00,2026-02-03 03:33:17.789000+00:00,1,84,249.316,326.245361328125,7.542986485489296,14.90338391082443,-1.2850676568274042,1901.7459102559542,249,118.21285140562249,15740.0,5.749999999999999,-0.42201074672736405,-0.2926671333804062,-0.3573389400538851,success,,sampling,3.0,1,4367
primary,polar_session_2026-02-03_09-55-13,run_05,polar_session_2026-02-03_09-55-13::run_05,2026-02-03 03:29:08.473000+00:00,2026-02-03 03:33:17.789000+00:00,1,84,249.316,326.245361328125,7.542986485489296,14.90338391082443,-1.2850676568274042,1901.7459102559542,249,118.21285140562249,15740.0,5.749999999999999,-0.42201074672736405,-0.2926671333804062,-0.3573389400538851,success,,sampling,3.0,2,4468
primary,polar_session_2026-02-03_09-55-13,run_05,polar_session_2026-02-03_09-55-13::run_05,2026-02-03 03:29:08.473000+00:00,2026-02-03 03:33:17.789000+00:00,1,84,249.316,326.245361328125,7.542986485489296,14.90338391082443,-1.2850676568274042,1901.7459102559542,249,118.21285140562249,15740.0,5.749999999999999,-0.42201074672736405,-0.2926671333804062,-0.3573389400538851,success,,sampling,3.0,3,4569
primary,polar_session_2026-02-03_09-55-13,run_05,polar_session_2026-02-03_09-55-13::run_05,2026-02-03 03:29:08.473000+00:00,2026-02-03 03:33:17.789000+00:00,1,84,249.316,326.245361328125,7.542986485489296,14.90338391082443,-1.2850676568274042,1901.7459102559542,249,118.21285140562249,15740.0,5.749999999999999,-0.42201074672736405,-0.2926671333804062,-0.3573389400538851,success,,sampling,3.0,4,4670
primary,polar_session_2026-02-03_09-55-13,run_05,polar_session_2026-02-03_09-55-13::run_05,2026-02-03 03:29:08.473000+00:00,2026-02-03 03:33:17.789000+00:00,1,84,249.316,326.245361328125,7.542986485489296,14.90338391082443,-1.2850676568274042,1901.7459102559542,249,118.21285140562249,15740.0,5.749999999999999,-0.42201074672736405,-0.2926671333804062,-0.3573389400538851,success,,sampling,3.0,5,4771
primary,polar_session_2026-02-03_09-55-13,run_05,polar_session_2026-02-03_09-55-13::run_05,2026-02-03 03:29:08.473000+00:00,2026-02-03 03:33:17.789000+00:00,1,250,249.316,327.3428955078125,11.833363514835325,50.0,-2.1256002177632265,1980.5749269264052,249,118.21285140562249,15740.0,5.749999999999999,-0.41552470103617745,-0.2926671333804062,-0.3540959172082918,success,,temporal,0.75,1,4372
primary,polar_session_2026-02-03_09-55-13,run_05,polar_session_2026-02-03_09-55-13::run_05,2026-02-03 03:29:08.473000+00:00,2026-02-03 03:33:17.789000+00:00,1,250,249.316,327.3428955078125,11.350296062049692,50.0,-2.2918397078797126,1980.5749269264052,249,118.21285140562249,15740.0,5.749999999999999,-0.41552470103617745,-0.2926671333804062,-0.3540959172082918,success,,temporal,0.75,2,4473
primary,polar_session_2026-02-03_09-55-13,run_05,polar_session_2026-02-03_09-55-13::run_05,2026-02-03 03:29:08.473000+00:00,2026-02-03 03:33:17.789000+00:00,1,250,249.316,327.3428955078125,11.053811394227207,50.0,-2.288707332456844,1980.5749269264052,249,118.21285140562249,15740.0,5.749999999999999,-0.41552470103617745,-0.2926671333804062,-0.3540959172082918,success,,temporal,0.75,3,4574
primary,polar_session_2026-02-03_09-55-13,run_05,polar_session_2026-02-03_09-55-13::run_05,2026-02-03 03:29:08.473000+00:00,2026-02-03 03:33:17.789000+00:00,1,250,249.316,327.3428955078125,11.00924892607728,50.0,-2.3591500167315873,1980.5749269264052,249,118.21285140562249,15740.0,5.749999999999999,-0.41552470103617745,-0.2926671333804062,-0.3540959172082918,success,,temporal,0.75,4,4675
primary,polar_session_2026-02-03_09-55-13,run_05,polar_session_2026-02-03_09-55-13::run_05,2026-02-03 03:29:08.473000+00:00,2026-02-03 03:33:17.789000+00:00,1,250,249.316,327.3428955078125,10.521206149834638,49.75185337406086,-2.2013348717247117,1980.5749269264052,249,118.21285140562249,15740.0,5.749999999999999,-0.41552470103617745,-0.2926671333804062,-0.3540959172082918,success,,temporal,0.75,5,4776
primary,polar_session_2026-02-03_09-55-13,run_05,polar_session_2026-02-03_09-55-13::run_05,2026-02-03 03:29:08.473000+00:00,2026-02-03 03:33:17.789000+00:00,1,250,249.316,327.3428955078125,12.381645694623865,50.0,-3.230650709133513,1980.5749269264052,249,118.21285140562249,15740.0,5.749999999999999,-0.41552470103617745,-0.2926671333804062,-0.3540959172082918,success,,temporal,1.5,1,4377
primary,polar_session_2026-02-03_09-55-13,run_05,polar_session_2026-02-03_09-55-13::run_05,2026-02-03 03:29:08.473000+00:00,2026-02-03 03:33:17.789000+00:00,1,250,249.316,327.3428955078125,13.411870049398711,50.0,-2.956909166727679,1980.5749269264052,249,118.21285140562249,15740.0,5.749999999999999,-0.41552470103617745,-0.2926671333804062,-0.3540959172082918,success,,temporal,1.5,2,4478
primary,polar_session_2026-02-03_09-55-13,run_05,polar_session_2026-02-03_09-55-13::run_05,2026-02-03 03:29:08.473000+00:00,2026-02-03 03:33:17.789000+00:00,1,250,249.316,327.3428955078125,14.038718492187163,50.0,-4.109246621515272,1980.5749269264052,249,118.21285140562249,15740.0,5.749999999999999,-0.41552470103617745,-0.2926671333804062,-0.3540959172082918,success,,temporal,1.5,3,4579
primary,polar_session_2026-02-03_09-55-13,run_05,polar_session_2026-02-03_09-55-13::run_05,2026-02-03 03:29:08.473000+00:00,2026-02-03 03:33:17.789000+00:00,1,250,249.316,327.3428955078125,13.988466560065564,50.0,-4.086899016931681,1980.5749269264052,249,118.21285140562249,15740.0,5.749999999999999,-0.41552470103617745,-0.2926671333804062,-0.3540959172082918,success,,temporal,1.5,4,4680
primary,polar_session_2026-02-03_09-55-13,run_05,polar_session_2026-02-03_09-55-13::run_05,2026-02-03 03:29:08.473000+00:00,2026-02-03 03:33:17.789000+00:00,1,250,249.316,327.3428955078125,12.763544543359592,50.0,-3.335798990840909,1980.5749269264052,249,118.21285140562249,15740.0,5.749999999999999,-0.41552470103617745,-0.2926671333804062,-0.3540959172082918,success,,temporal,1.5,5,4781
primary,polar_session_2026-02-03_09-55-13,run_06,polar_session_2026-02-03_09-55-13::run_06,2026-02-03 04:00:45.093000+00:00,2026-02-03 04:08:35.852000+00:00,1,471,470.759,517.5957582466738,7.0707496592466335,18.944642962348077,-1.4555494127358555,3368.0243141858564,470,114.88936170212766,28148.0,10.349999999999998,0.7088036191576055,1.2345005230288164,0.971652071093211,success,,elevation,2.0,1,5342
primary,polar_session_2026-02-03_09-55-13,run_06,polar_session_2026-02-03_09-55-13::run_06,2026-02-03 04:00:45.093000+00:00,2026-02-03 04:08:35.852000+00:00,1,471,470.759,516.0048848390613,7.0707496592466335,18.944642962348077,-1.1322599503433413,3368.0243141858564,470,114.88936170212766,28148.0,10.349999999999998,0.6994021100277431,1.2345005230288164,0.9669513165282797,success,,elevation,2.0,2,5443
primary,polar_session_2026-02-03_09-55-13,run_06,polar_session_2026-02-03_09-55-13::run_06,2026-02-03 04:00:45.093000+00:00,2026-02-03 04:08:35.852000+00:00,1,471,470.759,517.9606865585711,7.0707496592466335,18.944642962348077,-1.261151291062878,3368.0243141858564,470,114.88936170212766,28148.0,10.349999999999998,0.710960218695715,1.2345005230288164,0.9727303708622657,success,,elevation,2.0,3,5544
primary,polar_session_2026-02-03_09-55-13,run_06,polar_session_2026-02-03_09-55-13::run_06,2026-02-03 04:00:45.093000+00:00,2026-02-03 04:08:35.852000+00:00,1,471,470.759,516.562558762038,7.0707496592466335,18.944642962348077,-1.1395384067737246,3368.0243141858564,470,114.88936170212766,28148.0,10.349999999999998,0.7026977691626956,1.2345005230288164,0.9685991460957559,success,,elevation,2.0,4,5645
primary,polar_session_2026-02-03_09-55-13,run_06,polar_session_2026-02-03_09-55-13::run_06,2026-02-03 04:00:45.093000+00:00,2026-02-03 04:08:35.852000+00:00,1,471,470.759,516.6848091713293,7.0707496592466335,18.944642962348077,-1.4145764277804762,3368.0243141858564,470,114.88936170212766,28148.0,10.349999999999998,0.7034202266087642,1.2345005230288164,0.9689603748187903,success,,elevation,2.0,5,5746
primary,polar_session_2026-02-03_09-55-13,run_06,polar_session_2026-02-03_09-55-13::run_06,2026-02-03 04:00:45.093000+00:00,2026-02-03 04:08:35.852000+00:00,1,471,470.759,518.5508282736462,7.0707496592466335,18.944642962348077,-1.4032868377845569,3368.0243141858564,470,114.88936170212766,28148.0,10.349999999999998,0.7144477512018481,1.2345005230288164,0.9744741371153323,success,,elevation,5.0,1,5347
primary,polar_session_2026-02-03_09-55-13,run_06,polar_session_2026-02-03_09-55-13::run_06,2026-02-03 04:00:45.093000+00:00,2026-02-03 04:08:35.852000+00:00,1,471,470.759,520.3761124816074,7.0707496592466335,18.944642962348077,-1.3125535963578407,3368.0243141858564,470,114.88936170212766,28148.0,10.349999999999998,0.7252345467216093,1.2345005230288164,0.9798675348752128,success,,elevation,5.0,2,5448
primary,polar_session_2026-02-03_09-55-13,run_06,polar_session_2026-02-03_09-55-13::run_06,2026-02-03 04:00:45.093000+00:00,2026-02-03 04:08:35.852000+00:00,1,471,470.759,511.0048699351762,7.0707496592466335,18.944642962348077,-1.271374215661716,3368.0243141858564,470,114.88936170212766,28148.0,10.349999999999998,0.6698537590757511,1.2345005230288164,0.9521771410522837,success,,elevation,5.0,3,5549
primary,polar_session_2026-02-03_09-55-13,run_06,polar_session_2026-02-03_09-55-13::run_06,2026-02-03 04:00:45.093000+00:00,2026-02-03 04:08:35.852000+00:00,1,471,470.759,521.4674734783093,7.0707496592466335,18.944642962348077,-1.353167935223606,3368.0243141858564,470,114.88936170212766,28148.0,10.349999999999998,0.731684111046069,1.2345005230288164,0.9830923170374427,success,,elevation,5.0,4,5650
primary,polar_session_2026-02-03_09-55-13,run_06,polar_session_2026-02-03_09-55-13::run_06,2026-02-03 04:00:45.093000+00:00,2026-02-03 04:08:35.852000+00:00,1,471,470.759,512.2581432695206,7.0707496592466335,18.944642962348077,-1.4837332688458473,3368.0243141858564,470,114.88936170212766,28148.0,10.349999999999998,0.6772601690632906,1.2345005230288164,0.9558803460460534,success,,elevation,5.0,5,5751
primary,polar_session_2026-02-03_09-55-13,run_06,polar_session_2026-02-03_09-55-13::run_06,2026-02-03 04:00:45.093000+00:00,2026-02-03 04:08:35.852000+00:00,1,471,470.759,517.3447265625,9.46636123762258,21.45480886956568,-1.2481709928033586,4343.495961710573,470,114.88936170212766,28148.0,10.349999999999998,0.7073201091188108,1.2345005230288164,0.9709103160738136,success,,position,2.0,1,5352
primary,polar_session_2026-02-03_09-55-13,run_06,polar_session_2026-02-03_09-55-13::run_06,2026-02-03 04:00:45.093000+00:00,2026-02-03 04:08:35.852000+00:00,1,471,470.759,517.3447265625,9.297134839486692,20.975455260995574,-1.2481574000453854,4240.679056014635,470,114.88936170212766,28148.0,10.349999999999998,0.7073201091188108,1.2345005230288164,0.9709103160738136,success,,position,2.0,2,5453
primary,polar_session_2026-02-03_09-55-13,run_06,polar_session_2026-02-03_09-55-13::run_06,2026-02-03 04:00:45.093000+00:00,2026-02-03 04:08:35.852000+00:00,1,471,470.759,517.3447265625,9.294869961665642,20.99203840371799,-1.087702109616555,4274.479134160416,470,114.88936170212766,28148.0,10.349999999999998,0.7073201091188108,1.2345005230288164,0.9709103160738136,success,,position,2.0,3,5554
primary,polar_session_2026-02-03_09-55-13,run_06,polar_session_2026-02-03_09-55-13::run_06,2026-02-03 04:00:45.093000+00:00,2026-02-03 04:08:35.852000+00:00,1,471,470.759,517.3447265625,9.57294289696814,21.071571064667836,-1.3722252355591238,4371.677543780745,470,114.88936170212766,28148.0,10.349999999999998,0.7073201091188108,1.2345005230288164,0.9709103160738136,success,,position,2.0,4,5655
primary,polar_session_2026-02-03_09-55-13,run_06,polar_session_2026-02-03_09-55-13::run_06,2026-02-03 04:00:45.093000+00:00,2026-02-03 04:08:35.852000+00:00,1,471,470.759,517.3447265625,9.258357162617827,21.250293099808992,-1.2483003430761634,4224.717517602252,470,114.88936170212766,28148.0,10.349999999999998,0.7073201091188108,1.2345005230288164,0.9709103160738136,success,,position,2.0,5,5756
primary,polar_session_2026-02-03_09-55-13,run_06,polar_session_2026-02-03_09-55-13::run_06,2026-02-03 04:00:45.093000+00:00,2026-02-03 04:08:35.852000+00:00,1,471,470.759,517.3447265625,12.064425494753499,27.002265912341965,-1.3483820132826028,5583.67876921659,470,114.88936170212766,28148.0,10.349999999999998,0.7073201091188108,1.2345005230288164,0.9709103160738136,success,,position,5.0,1,5357
primary,polar_session_2026-02-03_09-55-13,run_06,polar_session_2026-02-03_09-55-13::run_06,2026-02-03 04:00:45.093000+00:00,2026-02-03 04:08:35.852000+00:00,1,471,470.759,516.7017822265625,12.497735444819751,27.339687466686694,-1.878382634565984,5776.821440436035,470,114.88936170212766,28148.0,10.349999999999998,0.7035205314683293,1.2345005230288164,0.9690105272485728,success,,position,5.0,2,5458
primary,polar_session_2026-02-03_09-55-13,run_06,polar_session_2026-02-03_09-55-13::run_06,2026-02-03 04:00:45.093000+00:00,2026-02-03 04:08:35.852000+00:00,1,471,470.759,534.5106201171875,12.664710642819308,26.13660388846851,-1.5696944127264107,5863.223851969284,470,114.88936170212766,28148.0,10.349999999999998,0.808764576167163,1.2345005230288164,1.0216325495979897,success,,position,5.0,3,5559
primary,polar_session_2026-02-03_09-55-13,run_06,polar_session_2026-02-03_09-55-13::run_06,2026-02-03 04:00:45.093000+00:00,2026-02-03 04:08:35.852000+00:00,1,471,470.759,534.5093994140625,12.721997622306832,25.752622654836614,-1.1750458058776694,5887.6356590222895,470,114.88936170212766,28148.0,10.349999999999998,0.8087573622357971,1.2345005230288164,1.0216289426323066,success,,position,5.0,4,5660
primary,polar_session_2026-02-03_09-55-13,run_06,polar_session_2026-02-03_09-55-13::run_06,2026-02-03 04:00:45.093000+00:00,2026-02-03 04:08:35.852000+00:00,1,471,470.759,533.9923095703125,12.739937743750287,26.55086510920654,-1.1223567797563014,5882.718408588445,470,114.88936170212766,28148.0,10.349999999999998,0.8057015409091519,1.2345005230288164,1.0201010319689843,success,,position,5.0,5,5761
primary,polar_session_2026-02-03_09-55-13,run_06,polar_session_2026-02-03_09-55-13::run_06,2026-02-03 04:00:45.093000+00:00,2026-02-03 04:08:35.852000+00:00,1,236,470.759,515.2457275390625,7.037949285369689,10.717866112923417,-1.0807634767542393,3355.4284404907544,470,114.88936170212766,28148.0,10.349999999999998,0.6949157541349432,1.2345005230288164,0.9647081385818799,success,,sampling,2.0,1,5362
primary,polar_session_2026-02-03_09-55-13,run_06,polar_session_2026-02-03_09-55-13::run_06,2026-02-03 04:00:45.093000+00:00,2026-02-03 04:08:35.852000+00:00,1,236,470.759,515.2457275390625,7.037949285369689,10.717866112923417,-1.0807634767542393,3355.4284404907544,470,114.88936170212766,28148.0,10.349999999999998,0.6949157541349432,1.2345005230288164,0.9647081385818799,success,,sampling,2.0,2,5463
primary,polar_session_2026-02-03_09-55-13,run_06,polar_session_2026-02-03_09-55-13::run_06,2026-02-03 04:00:45.093000+00:00,2026-02-03 04:08:35.852000+00:00,1,236,470.759,515.2457275390625,7.037949285369689,10.717866112923417,-1.0807634767542393,3355.4284404907544,470,114.88936170212766,28148.0,10.349999999999998,0.6949157541349432,1.2345005230288164,0.9647081385818799,success,,sampling,2.0,3,5564
primary,polar_session_2026-02-03_09-55-13,run_06,polar_session_2026-02-03_09-55-13::run_06,2026-02-03 04:00:45.093000+00:00,2026-02-03 04:08:35.852000+00:00,1,236,470.759,515.2457275390625,7.037949285369689,10.717866112923417,-1.0807634767542393,3355.4284404907544,470,114.88936170212766,28148.0,10.349999999999998,0.6949157541349432,1.2345005230288164,0.9647081385818799,success,,sampling,2.0,4,5665
primary,polar_session_2026-02-03_09-55-13,run_06,polar_session_2026-02-03_09-55-13::run_06,2026-02-03 04:00:45.093000+00:00,2026-02-03 04:08:35.852000+00:00,1,236,470.759,515.2457275390625,7.037949285369689,10.717866112923417,-1.0807634767542393,3355.4284404907544,470,114.88936170212766,28148.0,10.349999999999998,0.6949157541349432,1.2345005230288164,0.9647081385818799,success,,sampling,2.0,5,5766
primary,polar_session_2026-02-03_09-55-13,run_06,polar_session_2026-02-03_09-55-13::run_06,2026-02-03 04:00:45.093000+00:00,2026-02-03 04:08:33.828000+00:00,1,157,468.735,511.093994140625,6.929025802967071,12.080382872510775,-1.0764731072425018,3267.320494916817,468,114.90598290598291,28036.0,10.316666666666665,0.6703804521659801,1.2207156441186107,0.9455480481422953,success,,sampling,3.0,1,5367
primary,polar_session_2026-02-03_09-55-13,run_06,polar_session_2026-02-03_09-55-13::run_06,2026-02-03 04:00:45.093000+00:00,2026-02-03 04:08:33.828000+00:00,1,157,468.735,511.093994140625,6.929025802967071,12.080382872510775,-1.0764731072425018,3267.320494916817,468,114.90598290598291,28036.0,10.316666666666665,0.6703804521659801,1.2207156441186107,0.9455480481422953,success,,sampling,3.0,2,5468
primary,polar_session_2026-02-03_09-55-13,run_06,polar_session_2026-02-03_09-55-13::run_06,2026-02-03 04:00:45.093000+00:00,2026-02-03 04:08:33.828000+00:00,1,157,468.735,511.093994140625,6.929025802967071,12.080382872510775,-1.0764731072425018,3267.320494916817,468,114.90598290598291,28036.0,10.316666666666665,0.6703804521659801,1.2207156441186107,0.9455480481422953,success,,sampling,3.0,3,5569
primary,polar_session_2026-02-03_09-55-13,run_06,polar_session_2026-02-03_09-55-13::run_06,2026-02-03 04:00:45.093000+00:00,2026-02-03 04:08:33.828000+00:00,1,157,468.735,511.093994140625,6.929025802967071,12.080382872510775,-1.0764731072425018,3267.320494916817,468,114.90598290598291,28036.0,10.316666666666665,0.6703804521659801,1.2207156441186107,0.9455480481422953,success,,sampling,3.0,4,5670
primary,polar_session_2026-02-03_09-55-13,run_06,polar_session_2026-02-03_09-55-13::run_06,2026-02-03 04:00:45.093000+00:00,2026-02-03 04:08:33.828000+00:00,1,157,468.735,511.093994140625,6.929025802967071,12.080382872510775,-1.0764731072425018,3267.320494916817,468,114.90598290598291,28036.0,10.316666666666665,0.6703804521659801,1.2207156441186107,0.9455480481422953,success,,sampling,3.0,5,5771
primary,polar_session_2026-02-03_09-55-13,run_06,polar_session_2026-02-03_09-55-13::run_06,2026-02-03 04:00:45.093000+00:00,2026-02-03 04:08:35.852000+00:00,1,471,470.759,517.3447265625,11.239894342172054,50.0,-1.949909718161747,3368.0243141858564,470,114.88936170212766,28148.0,10.349999999999998,0.7073201091188108,1.2345005230288164,0.9709103160738136,success,,temporal,0.75,1,5372
primary,polar_session_2026-02-03_09-55-13,run_06,polar_session_2026-02-03_09-55-13::run_06,2026-02-03 04:00:45.093000+00:00,2026-02-03 04:08:35.852000+00:00,1,471,470.759,517.3447265625,10.853366240835042,50.0,-2.324685000137029,3368.0243141858564,470,114.88936170212766,28148.0,10.349999999999998,0.7073201091188108,1.2345005230288164,0.9709103160738136,success,,temporal,0.75,2,5473
primary,polar_session_2026-02-03_09-55-13,run_06,polar_session_2026-02-03_09-55-13::run_06,2026-02-03 04:00:45.093000+00:00,2026-02-03 04:08:35.852000+00:00,1,471,470.759,517.3447265625,10.852046039893535,50.0,-2.0575511246075444,3368.0243141858564,470,114.88936170212766,28148.0,10.349999999999998,0.7073201091188108,1.2345005230288164,0.9709103160738136,success,,temporal,0.75,3,5574
primary,polar_session_2026-02-03_09-55-13,run_06,polar_session_2026-02-03_09-55-13::run_06,2026-02-03 04:00:45.093000+00:00,2026-02-03 04:08:35.852000+00:00,1,471,470.759,517.3447265625,11.337395598405417,50.0,-2.1254321782928223,3368.0243141858564,470,114.88936170212766,28148.0,10.349999999999998,0.7073201091188108,1.2345005230288164,0.9709103160738136,success,,temporal,0.75,4,5675
primary,polar_session_2026-02-03_09-55-13,run_06,polar_session_2026-02-03_09-55-13::run_06,2026-02-03 04:00:45.093000+00:00,2026-02-03 04:08:35.852000+00:00,1,471,470.759,517.3447265625,10.375815256872636,50.0,-2.064593606955102,3368.0243141858564,470,114.88936170212766,28148.0,10.349999999999998,0.7073201091188108,1.2345005230288164,0.9709103160738136,success,,temporal,0.75,5,5776
primary,polar_session_2026-02-03_09-55-13,run_06,polar_session_2026-02-03_09-55-13::run_06,2026-02-03 04:00:45.093000+00:00,2026-02-03 04:08:35.852000+00:00,1,471,470.759,517.3447265625,13.185120095549587,50.0,-2.246009758070506,3368.0243141858564,470,114.88936170212766,28148.0,10.349999999999998,0.7073201091188108,1.2345005230288164,0.9709103160738136,success,,temporal,1.5,1,5377
primary,polar_session_2026-02-03_09-55-13,run_06,polar_session_2026-02-03_09-55-13::run_06,2026-02-03 04:00:45.093000+00:00,2026-02-03 04:08:35.852000+00:00,1,471,470.759,517.3447265625,14.033344595137809,50.0,-3.5087107145105554,3368.0243141858564,470,114.88936170212766,28148.0,10.349999999999998,0.7073201091188108,1.2345005230288164,0.9709103160738136,success,,temporal,1.5,2,5478
primary,polar_session_2026-02-03_09-55-13,run_06,polar_session_2026-02-03_09-55-13::run_06,2026-02-03 04:00:45.093000+00:00,2026-02-03 04:08:35.852000+00:00,1,471,470.759,517.3447265625,12.849125426029635,50.0,-2.8248668864777486,3368.0243141858564,470,114.88936170212766,28148.0,10.349999999999998,0.7073201091188108,1.2345005230288164,0.9709103160738136,success,,temporal,1.5,3,5579
primary,polar_session_2026-02-03_09-55-13,run_06,polar_session_2026-02-03_09-55-13::run_06,2026-02-03 04:00:45.093000+00:00,2026-02-03 04:08:35.852000+00:00,1,471,470.759,517.3447265625,13.392055847286183,50.0,-3.3862836778411274,3368.0243141858564,470,114.88936170212766,28148.0,10.349999999999998,0.7073201091188108,1.2345005230288164,0.9709103160738136,success,,temporal,1.5,4,5680
primary,polar_session_2026-02-03_09-55-13,run_06,polar_session_2026-02-03_09-55-13::run_06,2026-02-03 04:00:45.093000+00:00,2026-02-03 04:08:35.852000+00:00,1,471,470.759,517.3447265625,12.928290911054074,50.0,-2.5270135333677586,3368.0243141858564,470,114.88936170212766,28148.0,10.349999999999998,0.7073201091188108,1.2345005230288164,0.9709103160738136,success,,temporal,1.5,5,5781
primary,polar_session_2026-02-03_09-55-13,run_07,polar_session_2026-02-03_09-55-13::run_07,2026-02-03 04:18:02.279000+00:00,2026-02-03 04:25:09.780000+00:00,1,428,427.501,512.1776372766824,7.813560701880992,21.37747909199316,-1.2535386258309154,3381.2393163979314,427,114.69320843091334,25489.0,8.766666666666666,0.6767844066154081,0.9072327281874139,0.792008567401411,success,,elevation,2.0,1,6342
primary,polar_session_2026-02-03_09-55-13,run_07,polar_session_2026-02-03_09-55-13::run_07,2026-02-03 04:18:02.279000+00:00,2026-02-03 04:25:09.780000+00:00,1,428,427.501,514.4824517749219,7.813560701880992,21.37747909199316,-1.3011823516477143,3381.2393163979314,427,114.69320843091334,25489.0,8.766666666666666,0.6904050595499225,0.9072327281874139,0.7988188938686682,success,,elevation,2.0,2,6443
primary,polar_session_2026-02-03_09-55-13,run_07,polar_session_2026-02-03_09-55-13::run_07,2026-02-03 04:18:02.279000+00:00,2026-02-03 04:25:09.780000+00:00,1,428,427.501,510.42860922362934,7.813560701880992,21.37747909199316,-1.33900806849715,3381.2393163979314,427,114.69320843091334,25489.0,8.766666666666666,0.6664482584778627,0.9072327281874139,0.7868404933326383,success,,elevation,2.0,3,6544
primary,polar_session_2026-02-03_09-55-13,run_07,polar_session_2026-02-03_09-55-13::run_07,2026-02-03 04:18:02.279000+00:00,2026-02-03 04:25:09.780000+00:00,1,428,427.501,512.0131511542504,7.813560701880992,21.37747909199316,-1.3386483206165198,3381.2393163979314,427,114.69320843091334,25489.0,8.766666666666666,0.6758123507784192,0.9072327281874139,0.7915225394829165,success,,elevation,2.0,4,6645
primary,polar_session_2026-02-03_09-55-13,run_07,polar_session_2026-02-03_09-55-13::run_07,2026-02-03 04:18:02.279000+00:00,2026-02-03 04:25:09.780000+00:00,1,428,427.501,512.2870149981638,7.813560701880992,21.37747909199316,-1.3546687330264622,3381.2393163979314,427,114.69320843091334,25489.0,8.766666666666666,0.6774307909488131,0.9072327281874139,0.7923317595681134,success,,elevation,2.0,5,6746
primary,polar_session_2026-02-03_09-55-13,run_07,polar_session_2026-02-03_09-55-13::run_07,2026-02-03 04:18:02.279000+00:00,2026-02-03 04:25:09.780000+00:00,1,428,427.501,510.38122138041444,7.813560701880992,21.37747909199316,-1.6913701477507366,3381.2393163979314,427,114.69320843091334,25489.0,8.766666666666666,0.6661682127881822,0.9072327281874139,0.786700470487798,success,,elevation,5.0,1,6347
primary,polar_session_2026-02-03_09-55-13,run_07,polar_session_2026-02-03_09-55-13::run_07,2026-02-03 04:18:02.279000+00:00,2026-02-03 04:25:09.780000+00:00,1,428,427.501,513.7926106981502,7.813560701880992,21.37747909199316,-1.2048302010779688,3381.2393163979314,427,114.69320843091334,25489.0,8.766666666666666,0.686328338454209,0.9072327281874139,0.7967805333208114,success,,elevation,5.0,2,6448
primary,polar_session_2026-02-03_09-55-13,run_07,polar_session_2026-02-03_09-55-13::run_07,2026-02-03 04:18:02.279000+00:00,2026-02-03 04:25:09.780000+00:00,1,428,427.501,508.918659959719,7.813560701880992,21.37747909199316,-1.3025157336710549,3381.2393163979314,427,114.69320843091334,25489.0,8.766666666666666,0.6575249829222124,0.9072327281874139,0.7823788555548131,success,,elevation,5.0,3,6549
primary,polar_session_2026-02-03_09-55-13,run_07,polar_session_2026-02-03_09-55-13::run_07,2026-02-03 04:18:02.279000+00:00,2026-02-03 04:25:09.780000+00:00,1,428,427.501,517.9129045379373,7.813560701880992,21.37747909199316,-1.3289433126843244,3381.2393163979314,427,114.69320843091334,25489.0,8.766666666666666,0.7106778435544358,0.9072327281874139,0.8089552858709248,success,,elevation,5.0,4,6650
primary,polar_session_2026-02-03_09-55-13,run_07,polar_session_2026-02-03_09-55-13::run_07,2026-02-03 04:18:02.279000+00:00,2026-02-03 04:25:09.780000+00:00,1,428,427.501,504.8082462791524,7.813560701880992,21.37747909199316,-1.8485627266462727,3381.2393163979314,427,114.69320843091334,25489.0,8.766666666666666,0.6332338661303651,0.9072327281874139,0.7702332971588894,success,,elevation,5.0,5,6751
primary,polar_session_2026-02-03_09-55-13,run_07,polar_session_2026-02-03_09-55-13::run_07,2026-02-03 04:18:02.279000+00:00,2026-02-03 04:25:09.780000+00:00,1,428,427.501,513.13525390625,9.85110196579334,22.699228330200565,-1.1856982916656837,4117.751297510707,427,114.69320843091334,25489.0,8.766666666666666,0.6824435881962351,0.9072327281874139,0.7948381581918245,success,,position,2.0,1,6352
primary,polar_session_2026-02-03_09-55-13,run_07,polar_session_2026-02-03_09-55-13::run_07,2026-02-03 04:18:02.279000+00:00,2026-02-03 04:25:09.780000+00:00,1,428,427.501,513.13525390625,10.017539327588004,22.92434818414762,-1.1860792309469987,4163.626198269892,427,114.69320843091334,25489.0,8.766666666666666,0.6824435881962351,0.9072327281874139,0.7948381581918245,success,,position,2.0,2,6453
primary,polar_session_2026-02-03_09-55-13,run_07,polar_session_2026-02-03_09-55-13::run_07,2026-02-03 04:18:02.279000+00:00,2026-02-03 04:25:09.780000+00:00,1,428,427.501,513.13525390625,9.880060761742023,22.931334921809835,-1.1852524681014325,4099.080226551589,427,114.69320843091334,25489.0,8.766666666666666,0.6824435881962351,0.9072327281874139,0.7948381581918245,success,,position,2.0,3,6554
primary,polar_session_2026-02-03_09-55-13,run_07,polar_session_2026-02-03_09-55-13::run_07,2026-02-03 04:18:02.279000+00:00,2026-02-03 04:25:09.780000+00:00,1,428,427.501,513.13525390625,10.111672795620766,23.999451937325478,-1.185433981067229,4194.445410254024,427,114.69320843091334,25489.0,8.766666666666666,0.6824435881962351,0.9072327281874139,0.7948381581918245,success,,position,2.0,4,6655
primary,polar_session_2026-02-03_09-55-13,run_07,polar_session_2026-02-03_09-55-13::run_07,2026-02-03 04:18:02.279000+00:00,2026-02-03 04:25:09.780000+00:00,1,428,427.501,511.9752197265625,10.158328230158306,23.40625547354165,-1.183045376194408,4205.770247254986,427,114.69320843091334,25489.0,8.766666666666666,0.6755881892191083,0.9072327281874139,0.7914104587032611,success,,position,2.0,5,6756
primary,polar_session_2026-02-03_09-55-13,run_07,polar_session_2026-02-03_09-55-13::run_07,2026-02-03 04:18:02.279000+00:00,2026-02-03 04:25:09.780000+00:00,1,428,427.501,529.7828369140625,13.371039270592249,28.708524746326646,-1.352117319750428,5628.074662645353,427,114.69320843091334,25489.0,8.766666666666666,0.780825019986576,0.9072327281874139,0.844028874086995,success,,position,5.0,1,6357
primary,polar_session_2026-02-03_09-55-13,run_07,polar_session_2026-02-03_09-55-13::run_07,2026-02-03 04:18:02.279000+00:00,2026-02-03 04:25:09.780000+00:00,1,428,427.501,511.9752197265625,13.472032538434906,27.139293347163118,-1.1829983662689585,5661.008965201509,427,114.69320843091334,25489.0,8.766666666666666,0.6755881892191083,0.9072327281874139,0.7914104587032611,success,,position,5.0,2,6458
primary,polar_session_2026-02-03_09-55-13,run_07,polar_session_2026-02-03_09-55-13::run_07,2026-02-03 04:18:02.279000+00:00,2026-02-03 04:25:09.780000+00:00,1,428,427.501,511.9752197265625,13.318083543396886,27.90219170945852,-1.1828818543303543,5596.025402856791,427,114.69320843091334,25489.0,8.766666666666666,0.6755881892191083,0.9072327281874139,0.7914104587032611,success,,position,5.0,3,6559
primary,polar_session_2026-02-03_09-55-13,run_07,polar_session_2026-02-03_09-55-13::run_07,2026-02-03 04:18:02.279000+00:00,2026-02-03 04:25:09.780000+00:00,1,428,427.501,513.13525390625,13.433356676385152,27.728933020746187,-1.3287992726990134,5633.8033489594345,427,114.69320843091334,25489.0,8.766666666666666,0.6824435881962351,0.9072327281874139,0.7948381581918245,success,,position,5.0,4,6660
primary,polar_session_2026-02-03_09-55-13,run_07,polar_session_2026-02-03_09-55-13::run_07,2026-02-03 04:18:02.279000+00:00,2026-02-03 04:25:09.780000+00:00,1,428,427.501,513.13525390625,13.366507294704682,27.12074686453567,-1.1867942679845922,5611.304430530046,427,114.69320843091334,25489.0,8.766666666666666,0.6824435881962351,0.9072327281874139,0.7948381581918245,success,,position,5.0,5,6761
primary,polar_session_2026-02-03_09-55-13,run_07,polar_session_2026-02-03_09-55-13::run_07,2026-02-03 04:18:02.279000+00:00,2026-02-03 04:25:08.763000+00:00,1,214,426.484,507.721435546875,7.8691801847217695,12.335700267381704,-1.1741078645626823,3345.460093651782,426,114.71830985915493,25440.0,8.75,0.6504498025879462,0.9012018436641988,0.7758258231260724,success,,sampling,2.0,1,6362
primary,polar_session_2026-02-03_09-55-13,run_07,polar_session_2026-02-03_09-55-13::run_07,2026-02-03 04:18:02.279000+00:00,2026-02-03 04:25:08.763000+00:00,1,214,426.484,507.721435546875,7.8691801847217695,12.335700267381704,-1.1741078645626823,3345.460093651782,426,114.71830985915493,25440.0,8.75,0.6504498025879462,0.9012018436641988,0.7758258231260724,success,,sampling,2.0,2,6463
primary,polar_session_2026-02-03_09-55-13,run_07,polar_session_2026-02-03_09-55-13::run_07,2026-02-03 04:18:02.279000+00:00,2026-02-03 04:25:08.763000+00:00,1,214,426.484,507.721435546875,7.8691801847217695,12.335700267381704,-1.1741078645626823,3345.460093651782,426,114.71830985915493,25440.0,8.75,0.6504498025879462,0.9012018436641988,0.7758258231260724,success,,sampling,2.0,3,6564
primary,polar_session_2026-02-03_09-55-13,run_07,polar_session_2026-02-03_09-55-13::run_07,2026-02-03 04:18:02.279000+00:00,2026-02-03 04:25:08.763000+00:00,1,214,426.484,507.721435546875,7.8691801847217695,12.335700267381704,-1.1741078645626823,3345.460093651782,426,114.71830985915493,25440.0,8.75,0.6504498025879462,0.9012018436641988,0.7758258231260724,success,,sampling,2.0,4,6665
primary,polar_session_2026-02-03_09-55-13,run_07,polar_session_2026-02-03_09-55-13::run_07,2026-02-03 04:18:02.279000+00:00,2026-02-03 04:25:08.763000+00:00,1,214,426.484,507.721435546875,7.8691801847217695,12.335700267381704,-1.1741078645626823,3345.460093651782,426,114.71830985915493,25440.0,8.75,0.6504498025879462,0.9012018436641988,0.7758258231260724,success,,sampling,2.0,5,6766
primary,polar_session_2026-02-03_09-55-13,run_07,polar_session_2026-02-03_09-55-13::run_07,2026-02-03 04:18:02.279000+00:00,2026-02-03 04:25:08.763000+00:00,1,143,426.484,504.365478515625,7.633624754596132,13.866243231965687,-1.1718573809809336,3276.3880816500114,426,114.71830985915493,25440.0,8.75,0.63061726247649,0.9012018436641988,0.7659095530703444,success,,sampling,3.0,1,6367
primary,polar_session_2026-02-03_09-55-13,run_07,polar_session_2026-02-03_09-55-13::run_07,2026-02-03 04:18:02.279000+00:00,2026-02-03 04:25:08.763000+00:00,1,143,426.484,504.365478515625,7.633624754596132,13.866243231965687,-1.1718573809809336,3276.3880816500114,426,114.71830985915493,25440.0,8.75,0.63061726247649,0.9012018436641988,0.7659095530703444,success,,sampling,3.0,2,6468
primary,polar_session_2026-02-03_09-55-13,run_07,polar_session_2026-02-03_09-55-13::run_07,2026-02-03 04:18:02.279000+00:00,2026-02-03 04:25:08.763000+00:00,1,143,426.484,504.365478515625,7.633624754596132,13.866243231965687,-1.1718573809809336,3276.3880816500114,426,114.71830985915493,25440.0,8.75,0.63061726247649,0.9012018436641988,0.7659095530703444,success,,sampling,3.0,3,6569
primary,polar_session_2026-02-03_09-55-13,run_07,polar_session_2026-02-03_09-55-13::run_07,2026-02-03 04:18:02.279000+00:00,2026-02-03 04:25:08.763000+00:00,1,143,426.484,504.365478515625,7.633624754596132,13.866243231965687,-1.1718573809809336,3276.3880816500114,426,114.71830985915493,25440.0,8.75,0.63061726247649,0.9012018436641988,0.7659095530703444,success,,sampling,3.0,4,6670
primary,polar_session_2026-02-03_09-55-13,run_07,polar_session_2026-02-03_09-55-13::run_07,2026-02-03 04:18:02.279000+00:00,2026-02-03 04:25:08.763000+00:00,1,143,426.484,504.365478515625,7.633624754596132,13.866243231965687,-1.1718573809809336,3276.3880816500114,426,114.71830985915493,25440.0,8.75,0.63061726247649,0.9012018436641988,0.7659095530703444,success,,sampling,3.0,5,6771
primary,polar_session_2026-02-03_09-55-13,run_07,polar_session_2026-02-03_09-55-13::run_07,2026-02-03 04:18:02.279000+00:00,2026-02-03 04:25:09.780000+00:00,1,428,427.501,513.13525390625,12.030218316235713,50.0,-2.1717992457625455,3381.2393163979314,427,114.69320843091334,25489.0,8.766666666666666,0.6824435881962351,0.9072327281874139,0.7948381581918245,success,,temporal,0.75,1,6372
primary,polar_session_2026-02-03_09-55-13,run_07,polar_session_2026-02-03_09-55-13::run_07,2026-02-03 04:18:02.279000+00:00,2026-02-03 04:25:09.780000+00:00,1,428,427.501,513.13525390625,11.337620718204072,50.0,-2.096038413515612,3381.2393163979314,427,114.69320843091334,25489.0,8.766666666666666,0.6824435881962351,0.9072327281874139,0.7948381581918245,success,,temporal,0.75,2,6473
primary,polar_session_2026-02-03_09-55-13,run_07,polar_session_2026-02-03_09-55-13::run_07,2026-02-03 04:18:02.279000+00:00,2026-02-03 04:25:09.780000+00:00,1,428,427.501,513.13525390625,10.953202178095205,50.0,-1.7554922771298334,3381.2393163979314,427,114.69320843091334,25489.0,8.766666666666666,0.6824435881962351,0.9072327281874139,0.7948381581918245,success,,temporal,0.75,3,6574
primary,polar_session_2026-02-03_09-55-13,run_07,polar_session_2026-02-03_09-55-13::run_07,2026-02-03 04:18:02.279000+00:00,2026-02-03 04:25:09.780000+00:00,1,428,427.501,513.13525390625,11.786074862449505,50.0,-2.173374346734304,3381.2393163979314,427,114.69320843091334,25489.0,8.766666666666666,0.6824435881962351,0.9072327281874139,0.7948381581918245,success,,temporal,0.75,4,6675
primary,polar_session_2026-02-03_09-55-13,run_07,polar_session_2026-02-03_09-55-13::run_07,2026-02-03 04:18:02.279000+00:00,2026-02-03 04:25:09.780000+00:00,1,428,427.501,513.13525390625,11.907312360299619,50.0,-2.1532651317785576,3381.2393163979314,427,114.69320843091334,25489.0,8.766666666666666,0.6824435881962351,0.9072327281874139,0.7948381581918245,success,,temporal,0.75,5,6776
primary,polar_session_2026-02-03_09-55-13,run_07,polar_session_2026-02-03_09-55-13::run_07,2026-02-03 04:18:02.279000+00:00,2026-02-03 04:25:09.780000+00:00,1,428,427.501,513.13525390625,13.916734523187374,50.0,-3.541591489478172,3381.2393163979314,427,114.69320843091334,25489.0,8.766666666666666,0.6824435881962351,0.9072327281874139,0.7948381581918245,success,,temporal,1.5,1,6377
primary,polar_session_2026-02-03_09-55-13,run_07,polar_session_2026-02-03_09-55-13::run_07,2026-02-03 04:18:02.279000+00:00,2026-02-03 04:25:09.780000+00:00,1,428,427.501,513.13525390625,13.909382416063657,50.0,-3.2949472575596968,3381.2393163979314,427,114.69320843091334,25489.0,8.766666666666666,0.6824435881962351,0.9072327281874139,0.7948381581918245,success,,temporal,1.5,2,6478
primary,polar_session_2026-02-03_09-55-13,run_07,polar_session_2026-02-03_09-55-13::run_07,2026-02-03 04:18:02.279000+00:00,2026-02-03 04:25:09.780000+00:00,1,428,427.501,513.13525390625,13.693358747858156,50.0,-2.8336153401751116,3381.2393163979314,427,114.69320843091334,25489.0,8.766666666666666,0.6824435881962351,0.9072327281874139,0.7948381581918245,success,,temporal,1.5,3,6579
primary,polar_session_2026-02-03_09-55-13,run_07,polar_session_2026-02-03_09-55-13::run_07,2026-02-03 04:18:02.279000+00:00,2026-02-03 04:25:09.780000+00:00,1,428,427.501,513.13525390625,13.542232577970204,50.0,-3.539386237725371,3381.2393163979314,427,114.69320843091334,25489.0,8.766666666666666,0.6824435881962351,0.9072327281874139,0.7948381581918245,success,,temporal,1.5,4,6680
primary,polar_session_2026-02-03_09-55-13,run_07,polar_session_2026-02-03_09-55-13::run_07,2026-02-03 04:18:02.279000+00:00,2026-02-03 04:25:09.780000+00:00,1,428,427.501,513.13525390625,13.65695167108587,50.0,-3.460383381888747,3381.2393163979314,427,114.69320843091334,25489.0,8.766666666666666,0.6824435881962351,0.9072327281874139,0.7948381581918245,success,,temporal,1.5,5,6781
primary,polar_session_2026-02-03_09-55-13,run_12,polar_session_2026-02-03_09-55-13::run_12,2026-02-03 05:46:49.659000+00:00,2026-02-03 05:52:51.607000+00:00,1,363,361.948,457.8834022326505,7.2979618520920235,21.375254002336067,-1.3588702712792158,2687.6831904522833,362,112.58839779005525,20847.0,6.966666666666665,0.355924340677521,0.33589872906977913,0.34591153487365006,success,,elevation,2.0,1,7342
primary,polar_session_2026-02-03_09-55-13,run_12,polar_session_2026-02-03_09-55-13::run_12,2026-02-03 05:46:49.659000+00:00,2026-02-03 05:52:51.607000+00:00,1,363,361.948,458.2970076280226,7.2979618520920235,21.375254002336067,-1.2751871594821265,2687.6831904522833,362,112.58839779005525,20847.0,6.966666666666665,0.3583686048673328,0.33589872906977913,0.34713366696855597,success,,elevation,2.0,2,7443
primary,polar_session_2026-02-03_09-55-13,run_12,polar_session_2026-02-03_09-55-13::run_12,2026-02-03 05:46:49.659000+00:00,2026-02-03 05:52:51.607000+00:00,1,363,361.948,458.04223661486003,7.2979618520920235,21.375254002336067,-1.554543654744375,2687.6831904522833,362,112.58839779005525,20847.0,6.966666666666665,0.3568629966933507,0.33589872906977913,0.3463808628815649,success,,elevation,2.0,3,7544
primary,polar_session_2026-02-03_09-55-13,run_12,polar_session_2026-02-03_09-55-13::run_12,2026-02-03 05:46:49.659000+00:00,2026-02-03 05:52:51.607000+00:00,1,363,361.948,456.5972176971884,7.2979618520920235,21.375254002336067,-1.2564930219585453,2687.6831904522833,362,112.58839779005525,20847.0,6.966666666666665,0.34832343692554846,0.33589872906977913,0.3421110829976638,success,,elevation,2.0,4,7645
primary,polar_session_2026-02-03_09-55-13,run_12,polar_session_2026-02-03_09-55-13::run_12,2026-02-03 05:46:49.659000+00:00,2026-02-03 05:52:51.607000+00:00,1,363,361.948,456.4832417761711,7.2979618520920235,21.375254002336067,-1.337794723592119,2687.6831904522833,362,112.58839779005525,20847.0,6.966666666666665,0.3476498788304158,0.33589872906977913,0.34177430395009745,success,,elevation,2.0,5,7746
primary,polar_session_2026-02-03_09-55-13,run_12,polar_session_2026-02-03_09-55-13::run_12,2026-02-03 05:46:49.659000+00:00,2026-02-03 05:52:51.607000+00:00,1,363,361.948,457.4407624417952,7.2979618520920235,21.375254002336067,-1.4124840108998513,2687.6831904522833,362,112.58839779005525,20847.0,6.966666666666665,0.35330849329767694,0.33589872906977913,0.34460361118372806,success,,elevation,5.0,1,7347
primary,polar_session_2026-02-03_09-55-13,run_12,polar_session_2026-02-03_09-55-13::run_12,2026-02-03 05:46:49.659000+00:00,2026-02-03 05:52:51.607000+00:00,1,363,361.948,453.0099082772392,7.2979618520920235,21.375254002336067,-1.6007845959305214,2687.6831904522833,362,112.58839779005525,20847.0,6.966666666666665,0.32712368457447416,0.33589872906977913,0.33151120682212665,success,,elevation,5.0,2,7448
primary,polar_session_2026-02-03_09-55-13,run_12,polar_session_2026-02-03_09-55-13::run_12,2026-02-03 05:46:49.659000+00:00,2026-02-03 05:52:51.607000+00:00,1,363,361.948,457.4206740592267,7.2979618520920235,21.375254002336067,-1.6843894524307237,2687.6831904522833,362,112.58839779005525,20847.0,6.966666666666665,0.3531897779359027,0.33589872906977913,0.3445442535028409,success,,elevation,5.0,3,7549
primary,polar_session_2026-02-03_09-55-13,run_12,polar_session_2026-02-03_09-55-13::run_12,2026-02-03 05:46:49.659000+00:00,2026-02-03 05:52:51.607000+00:00,1,363,361.948,463.78568964923556,7.2979618520920235,21.375254002336067,-1.6898625118953194,2687.6831904522833,362,112.58839779005525,20847.0,6.966666666666665,0.39080480870757967,0.33589872906977913,0.36335176888867937,success,,elevation,5.0,4,7650
primary,polar_session_2026-02-03_09-55-13,run_12,polar_session_2026-02-03_09-55-13::run_12,2026-02-03 05:46:49.659000+00:00,2026-02-03 05:52:51.607000+00:00,1,363,361.948,462.23238193717384,7.2979618520920235,21.375254002336067,-2.033105401387292,2687.6831904522833,362,112.58839779005525,20847.0,6.966666666666665,0.3816252997871618,0.33589872906977913,0.35876201442847044,success,,elevation,5.0,5,7751
primary,polar_session_2026-02-03_09-55-13,run_12,polar_session_2026-02-03_09-55-13::run_12,2026-02-03 05:46:49.659000+00:00,2026-02-03 05:52:51.607000+00:00,1,363,361.948,457.8231201171875,9.716587909305408,23.693808588685112,-1.2798866282238297,3361.079941552236,362,112.58839779005525,20847.0,6.966666666666665,0.3555680943186461,0.33589872906977913,0.3457334116942126,success,,position,2.0,1,7352
primary,polar_session_2026-02-03_09-55-13,run_12,polar_session_2026-02-03_09-55-13::run_12,2026-02-03 05:46:49.659000+00:00,2026-02-03 05:52:51.607000+00:00,1,363,361.948,457.8231201171875,9.53724615977268,22.761877188948407,-1.380413648197322,3310.9957062807975,362,112.58839779005525,20847.0,6.966666666666665,0.3555680943186461,0.33589872906977913,0.3457334116942126,success,,position,2.0,2,7453
primary,polar_session_2026-02-03_09-55-13,run_12,polar_session_2026-02-03_09-55-13::run_12,2026-02-03 05:46:49.659000+00:00,2026-02-03 05:52:51.607000+00:00,1,363,361.948,457.8231201171875,9.490531210124297,23.5817692042031,-1.4016337253882232,3306.5364704930407,362,112.58839779005525,20847.0,6.966666666666665,0.3555680943186461,0.33589872906977913,0.3457334116942126,success,,position,2.0,3,7554
primary,polar_session_2026-02-03_09-55-13,run_12,polar_session_2026-02-03_09-55-13::run_12,2026-02-03 05:46:49.659000+00:00,2026-02-03 05:52:51.607000+00:00,1,363,361.948,457.8231201171875,9.629798190875578,23.623975060877928,-1.3739409329200203,3358.3270204792498,362,112.58839779005525,20847.0,6.966666666666665,0.3555680943186461,0.33589872906977913,0.3457334116942126,success,,position,2.0,4,7655
primary,polar_session_2026-02-03_09-55-13,run_12,polar_session_2026-02-03_09-55-13::run_12,2026-02-03 05:46:49.659000+00:00,2026-02-03 05:52:51.607000+00:00,1,363,361.948,457.8231201171875,9.788276779154563,22.912994290129575,-1.2438495498851219,3399.123767857788,362,112.58839779005525,20847.0,6.966666666666665,0.3555680943186461,0.33589872906977913,0.3457334116942126,success,,position,2.0,5,7756
primary,polar_session_2026-02-03_09-55-13,run_12,polar_session_2026-02-03_09-55-13::run_12,2026-02-03 05:46:49.659000+00:00,2026-02-03 05:52:51.607000+00:00,1,363,361.948,457.67578125,12.91426703372527,27.747421839675173,-1.2448890266851014,4553.493677228349,362,112.58839779005525,20847.0,6.966666666666665,0.35469737280276775,0.33589872906977913,0.3452980509362734,success,,position,5.0,1,7357
primary,polar_session_2026-02-03_09-55-13,run_12,polar_session_2026-02-03_09-55-13::run_12,2026-02-03 05:46:49.659000+00:00,2026-02-03 05:52:51.607000+00:00,1,363,361.948,457.67578125,13.095995865750012,29.72423781819371,-1.516315310829724,4615.489757348494,362,112.58839779005525,20847.0,6.966666666666665,0.35469737280276775,0.33589872906977913,0.3452980509362734,success,,position,5.0,2,7458
primary,polar_session_2026-02-03_09-55-13,run_12,polar_session_2026-02-03_09-55-13::run_12,2026-02-03 05:46:49.659000+00:00,2026-02-03 05:52:51.607000+00:00,1,363,361.948,457.8231201171875,13.258696535934115,28.370541625798083,-1.1298962479223602,4672.175061000238,362,112.58839779005525,20847.0,6.966666666666665,0.3555680943186461,0.33589872906977913,0.3457334116942126,success,,position,5.0,3,7559
primary,polar_session_2026-02-03_09-55-13,run_12,polar_session_2026-02-03_09-55-13::run_12,2026-02-03 05:46:49.659000+00:00,2026-02-03 05:52:51.607000+00:00,1,363,361.948,457.8231201171875,12.947775933245472,27.17026689960985,-1.494333309451336,4538.600784747991,362,112.58839779005525,20847.0,6.966666666666665,0.3555680943186461,0.33589872906977913,0.3457334116942126,success,,position,5.0,4,7660
primary,polar_session_2026-02-03_09-55-13,run_12,polar_session_2026-02-03_09-55-13::run_12,2026-02-03 05:46:49.659000+00:00,2026-02-03 05:52:51.607000+00:00,1,363,361.948,457.458740234375,13.611539162827137,27.81364976699519,-1.1327195671268229,4802.579444123581,362,112.58839779005525,20847.0,6.966666666666665,0.3534147358058898,0.33589872906977913,0.34465673243783446,success,,position,5.0,5,7761
primary,polar_session_2026-02-03_09-55-13,run_12,polar_session_2026-02-03_09-55-13::run_12,2026-02-03 05:46:49.659000+00:00,2026-02-03 05:52:51.607000+00:00,1,182,361.948,457.1903076171875,7.246202466568833,12.66299645491776,-1.239447813694711,2667.4163137945543,362,112.58839779005525,20847.0,6.966666666666665,0.3518283922985025,0.33589872906977913,0.3438635606841408,success,,sampling,2.0,1,7362
primary,polar_session_2026-02-03_09-55-13,run_12,polar_session_2026-02-03_09-55-13::run_12,2026-02-03 05:46:49.659000+00:00,2026-02-03 05:52:51.607000+00:00,1,182,361.948,457.1903076171875,7.246202466568833,12.66299645491776,-1.239447813694711,2667.4163137945543,362,112.58839779005525,20847.0,6.966666666666665,0.3518283922985025,0.33589872906977913,0.3438635606841408,success,,sampling,2.0,2,7463
primary,polar_session_2026-02-03_09-55-13,run_12,polar_session_2026-02-03_09-55-13::run_12,2026-02-03 05:46:49.659000+00:00,2026-02-03 05:52:51.607000+00:00,1,182,361.948,457.1903076171875,7.246202466568833,12.66299645491776,-1.239447813694711,2667.4163137945543,362,112.58839779005525,20847.0,6.966666666666665,0.3518283922985025,0.33589872906977913,0.3438635606841408,success,,sampling,2.0,3,7564
primary,polar_session_2026-02-03_09-55-13,run_12,polar_session_2026-02-03_09-55-13::run_12,2026-02-03 05:46:49.659000+00:00,2026-02-03 05:52:51.607000+00:00,1,182,361.948,457.1903076171875,7.246202466568833,12.66299645491776,-1.239447813694711,2667.4163137945543,362,112.58839779005525,20847.0,6.966666666666665,0.3518283922985025,0.33589872906977913,0.3438635606841408,success,,sampling,2.0,4,7665
primary,polar_session_2026-02-03_09-55-13,run_12,polar_session_2026-02-03_09-55-13::run_12,2026-02-03 05:46:49.659000+00:00,2026-02-03 05:52:51.607000+00:00,1,182,361.948,457.1903076171875,7.246202466568833,12.66299645491776,-1.239447813694711,2667.4163137945543,362,112.58839779005525,20847.0,6.966666666666665,0.3518283922985025,0.33589872906977913,0.3438635606841408,success,,sampling,2.0,5,7766
primary,polar_session_2026-02-03_09-55-13,run_12,polar_session_2026-02-03_09-55-13::run_12,2026-02-03 05:46:49.659000+00:00,2026-02-03 05:52:49.588000+00:00,1,121,359.929,438.8553466796875,7.074520516819754,13.970931831673784,-1.203631398104313,2570.4137094446214,360,112.6138888888889,20741.0,6.933333333333332,0.24347514318091504,0.3228523258154773,0.28316373449819615,success,,sampling,3.0,1,7367
primary,polar_session_2026-02-03_09-55-13,run_12,polar_session_2026-02-03_09-55-13::run_12,2026-02-03 05:46:49.659000+00:00,2026-02-03 05:52:49.588000+00:00,1,121,359.929,438.8553466796875,7.074520516819754,13.970931831673784,-1.203631398104313,2570.4137094446214,360,112.6138888888889,20741.0,6.933333333333332,0.24347514318091504,0.3228523258154773,0.28316373449819615,success,,sampling,3.0,2,7468
primary,polar_session_2026-02-03_09-55-13,run_12,polar_session_2026-02-03_09-55-13::run_12,2026-02-03 05:46:49.659000+00:00,2026-02-03 05:52:49.588000+00:00,1,121,359.929,438.8553466796875,7.074520516819754,13.970931831673784,-1.203631398104313,2570.4137094446214,360,112.6138888888889,20741.0,6.933333333333332,0.24347514318091504,0.3228523258154773,0.28316373449819615,success,,sampling,3.0,3,7569
primary,polar_session_2026-02-03_09-55-13,run_12,polar_session_2026-02-03_09-55-13::run_12,2026-02-03 05:46:49.659000+00:00,2026-02-03 05:52:49.588000+00:00,1,121,359.929,438.8553466796875,7.074520516819754,13.970931831673784,-1.203631398104313,2570.4137094446214,360,112.6138888888889,20741.0,6.933333333333332,0.24347514318091504,0.3228523258154773,0.28316373449819615,success,,sampling,3.0,4,7670
primary,polar_session_2026-02-03_09-55-13,run_12,polar_session_2026-02-03_09-55-13::run_12,2026-02-03 05:46:49.659000+00:00,2026-02-03 05:52:49.588000+00:00,1,121,359.929,438.8553466796875,7.074520516819754,13.970931831673784,-1.203631398104313,2570.4137094446214,360,112.6138888888889,20741.0,6.933333333333332,0.24347514318091504,0.3228523258154773,0.28316373449819615,success,,sampling,3.0,5,7771
primary,polar_session_2026-02-03_09-55-13,run_12,polar_session_2026-02-03_09-55-13::run_12,2026-02-03 05:46:49.659000+00:00,2026-02-03 05:52:51.607000+00:00,1,363,361.948,457.8231201171875,10.33373615959545,50.0,-1.9186568247814815,2687.6831904522833,362,112.58839779005525,20847.0,6.966666666666665,0.3555680943186461,0.33589872906977913,0.3457334116942126,success,,temporal,0.75,1,7372
primary,polar_session_2026-02-03_09-55-13,run_12,polar_session_2026-02-03_09-55-13::run_12,2026-02-03 05:46:49.659000+00:00,2026-02-03 05:52:51.607000+00:00,1,363,361.948,457.8231201171875,11.603016432270062,50.0,-2.5004163697836277,2687.6831904522833,362,112.58839779005525,20847.0,6.966666666666665,0.3555680943186461,0.33589872906977913,0.3457334116942126,success,,temporal,0.75,2,7473
primary,polar_session_2026-02-03_09-55-13,run_12,polar_session_2026-02-03_09-55-13::run_12,2026-02-03 05:46:49.659000+00:00,2026-02-03 05:52:51.607000+00:00,1,363,361.948,457.8231201171875,10.489839193554817,50.0,-2.353155039425556,2687.6831904522833,362,112.58839779005525,20847.0,6.966666666666665,0.3555680943186461,0.33589872906977913,0.3457334116942126,success,,temporal,0.75,3,7574
primary,polar_session_2026-02-03_09-55-13,run_12,polar_session_2026-02-03_09-55-13::run_12,2026-02-03 05:46:49.659000+00:00,2026-02-03 05:52:51.607000+00:00,1,363,361.948,457.8231201171875,10.959598870006587,50.0,-2.2302172519396435,2687.6831904522833,362,112.58839779005525,20847.0,6.966666666666665,0.3555680943186461,0.33589872906977913,0.3457334116942126,success,,temporal,0.75,4,7675
primary,polar_session_2026-02-03_09-55-13,run_12,polar_session_2026-02-03_09-55-13::run_12,2026-02-03 05:46:49.659000+00:00,2026-02-03 05:52:51.607000+00:00,1,363,361.948,457.8231201171875,11.290102741793591,50.0,-2.281092496980851,2687.6831904522833,362,112.58839779005525,20847.0,6.966666666666665,0.3555680943186461,0.33589872906977913,0.3457334116942126,success,,temporal,0.75,5,7776
primary,polar_session_2026-02-03_09-55-13,run_12,polar_session_2026-02-03_09-55-13::run_12,2026-02-03 05:46:49.659000+00:00,2026-02-03 05:52:51.607000+00:00,1,363,361.948,457.8231201171875,13.489932333975272,50.0,-3.7078841540079557,2687.6831904522833,362,112.58839779005525,20847.0,6.966666666666665,0.3555680943186461,0.33589872906977913,0.3457334116942126,success,,temporal,1.5,1,7377
primary,polar_session_2026-02-03_09-55-13,run_12,polar_session_2026-02-03_09-55-13::run_12,2026-02-03 05:46:49.659000+00:00,2026-02-03 05:52:51.607000+00:00,1,363,361.948,457.8231201171875,13.197555705522912,50.0,-3.0674229205847117,2687.6831904522833,362,112.58839779005525,20847.0,6.966666666666665,0.3555680943186461,0.33589872906977913,0.3457334116942126,success,,temporal,1.5,2,7478
primary,polar_session_2026-02-03_09-55-13,run_12,polar_session_2026-02-03_09-55-13::run_12,2026-02-03 05:46:49.659000+00:00,2026-02-03 05:52:51.607000+00:00,1,363,361.948,457.8231201171875,13.249196418523079,50.0,-3.641861610009036,2687.6831904522833,362,112.58839779005525,20847.0,6.966666666666665,0.3555680943186461,0.33589872906977913,0.3457334116942126,success,,temporal,1.5,3,7579
primary,polar_session_2026-02-03_09-55-13,run_12,polar_session_2026-02-03_09-55-13::run_12,2026-02-03 05:46:49.659000+00:00,2026-02-03 05:52:51.607000+00:00,1,363,361.948,457.8231201171875,12.826567225280195,50.0,-3.5492356082792074,2687.6831904522833,362,112.58839779005525,20847.0,6.966666666666665,0.3555680943186461,0.33589872906977913,0.3457334116942126,success,,temporal,1.5,4,7680
primary,polar_session_2026-02-03_09-55-13,run_12,polar_session_2026-02-03_09-55-13::run_12,2026-02-03 05:46:49.659000+00:00,2026-02-03 05:52:51.607000+00:00,1,363,361.948,457.8231201171875,13.418998929664241,50.0,-3.516915323010229,2687.6831904522833,362,112.58839779005525,20847.0,6.966666666666665,0.3555680943186461,0.33589872906977913,0.3457334116942126,success,,temporal,1.5,5,7781
primary,polar_session_2026-02-04_09-57-46,run_04,polar_session_2026-02-04_09-57-46::run_04,2026-02-04 03:05:53.911000+00:00,2026-02-04 03:08:34.695000+00:00,1,162,160.784,188.099930878308,5.94983862073015,15.960032840451088,-1.2923551972418554,976.8501391963208,161,108.67701863354037,8642.0,1.9999999999999998,-1.2384022455153811,-1.1662838343146955,-1.2023430399150383,success,,elevation,2.0,1,8342
primary,polar_session_2026-02-04_09-57-46,run_04,polar_session_2026-02-04_09-57-46::run_04,2026-02-04 03:05:53.911000+00:00,2026-02-04 03:08:34.695000+00:00,1,162,160.784,188.17415843424988,5.94983862073015,15.960032840451088,-1.4402780627657779,976.8501391963208,161,108.67701863354037,8642.0,1.9999999999999998,-1.23796358644827,-1.1662838343146955,-1.2021237103814828,success,,elevation,2.0,2,8443
primary,polar_session_2026-02-04_09-57-46,run_04,polar_session_2026-02-04_09-57-46::run_04,2026-02-04 03:05:53.911000+00:00,2026-02-04 03:08:34.695000+00:00,1,162,160.784,187.26388111147503,5.94983862073015,15.960032840451088,-1.618554559726784,976.8501391963208,161,108.67701863354037,8642.0,1.9999999999999998,-1.2433430091728086,-1.1662838343146955,-1.204813421743752,success,,elevation,2.0,3,8544
primary,polar_session_2026-02-04_09-57-46,run_04,polar_session_2026-02-04_09-57-46::run_04,2026-02-04 03:05:53.911000+00:00,2026-02-04 03:08:34.695000+00:00,1,162,160.784,187.60149172844513,5.94983862073015,15.960032840451088,-1.5235740118987762,976.8501391963208,161,108.67701863354037,8642.0,1.9999999999999998,-1.2413478477208697,-1.1662838343146955,-1.2038158410177826,success,,elevation,2.0,4,8645
primary,polar_session_2026-02-04_09-57-46,run_04,polar_session_2026-02-04_09-57-46::run_04,2026-02-04 03:05:53.911000+00:00,2026-02-04 03:08:34.695000+00:00,1,162,160.784,189.28110391822952,5.94983862073015,15.960032840451088,-1.7819047263630214,976.8501391963208,161,108.67701863354037,8642.0,1.9999999999999998,-1.231421923218439,-1.1662838343146955,-1.198852878766567,success,,elevation,2.0,5,8746
primary,polar_session_2026-02-04_09-57-46,run_04,polar_session_2026-02-04_09-57-46::run_04,2026-02-04 03:05:53.911000+00:00,2026-02-04 03:08:34.695000+00:00,1,162,160.784,189.930393676917,5.94983862073015,15.960032840451088,-2.5577085023396506,976.8501391963208,161,108.67701863354037,8642.0,1.9999999999999998,-1.227584846324063,-1.1662838343146955,-1.1969343403193793,success,,elevation,5.0,1,8347
primary,polar_session_2026-02-04_09-57-46,run_04,polar_session_2026-02-04_09-57-46::run_04,2026-02-04 03:05:53.911000+00:00,2026-02-04 03:08:34.695000+00:00,1,162,160.784,190.77441497431687,5.94983862073015,15.960032840451088,-1.7361978215375706,976.8501391963208,161,108.67701863354037,8642.0,1.9999999999999998,-1.2225969736904938,-1.1662838343146955,-1.1944404040025947,success,,elevation,5.0,2,8448
primary,polar_session_2026-02-04_09-57-46,run_04,polar_session_2026-02-04_09-57-46::run_04,2026-02-04 03:05:53.911000+00:00,2026-02-04 03:08:34.695000+00:00,1,162,160.784,193.26636434356283,5.94983862073015,15.960032840451088,-2.123078661451811,976.8501391963208,161,108.67701863354037,8642.0,1.9999999999999998,-1.2078704186836557,-1.1662838343146955,-1.1870771264991755,success,,elevation,5.0,3,8549
primary,polar_session_2026-02-04_09-57-46,run_04,polar_session_2026-02-04_09-57-46::run_04,2026-02-04 03:05:53.911000+00:00,2026-02-04 03:08:34.695000+00:00,1,162,160.784,197.24967624493934,5.94983862073015,15.960032840451088,-1.985469053942433,976.8501391963208,161,108.67701863354037,8642.0,1.9999999999999998,-1.1843304292484915,-1.1662838343146955,-1.1753071317815935,success,,elevation,5.0,4,8650
primary,polar_session_2026-02-04_09-57-46,run_04,polar_session_2026-02-04_09-57-46::run_04,2026-02-04 03:05:53.911000+00:00,2026-02-04 03:08:34.695000+00:00,1,162,160.784,191.45032798071247,5.94983862073015,15.960032840451088,-2.0253240666285657,976.8501391963208,161,108.67701863354037,8642.0,1.9999999999999998,-1.2186025626517438,-1.1662838343146955,-1.1924431984832196,success,,elevation,5.0,5,8751
primary,polar_session_2026-02-04_09-57-46,run_04,polar_session_2026-02-04_09-57-46::run_04,2026-02-04 03:05:53.911000+00:00,2026-02-04 03:08:34.695000+00:00,1,162,160.784,187.57568359375,8.704629702926958,17.66416421792827,-1.1481759151793833,1336.7983260199562,161,108.67701863354037,8642.0,1.9999999999999998,-1.2415003648305278,-1.1662838343146955,-1.2038920995726117,success,,position,2.0,1,8352
primary,polar_session_2026-02-04_09-57-46,run_04,polar_session_2026-02-04_09-57-46::run_04,2026-02-04 03:05:53.911000+00:00,2026-02-04 03:08:34.695000+00:00,1,162,160.784,187.57568359375,8.526724334247998,17.259541375385158,-1.14886403836811,1304.0125018860567,161,108.67701863354037,8642.0,1.9999999999999998,-1.2415003648305278,-1.1662838343146955,-1.2038920995726117,success,,position,2.0,2,8453
primary,polar_session_2026-02-04_09-57-46,run_04,polar_session_2026-02-04_09-57-46::run_04,2026-02-04 03:05:53.911000+00:00,2026-02-04 03:08:34.695000+00:00,1,162,160.784,187.57568359375,8.527753545619131,17.592607457474074,-1.1479921710271697,1306.587809420475,161,108.67701863354037,8642.0,1.9999999999999998,-1.2415003648305278,-1.1662838343146955,-1.2038920995726117,success,,position,2.0,3,8554
primary,polar_session_2026-02-04_09-57-46,run_04,polar_session_2026-02-04_09-57-46::run_04,2026-02-04 03:05:53.911000+00:00,2026-02-04 03:08:34.695000+00:00,1,162,160.784,187.57568359375,8.511617277678894,18.89409701623186,-1.148689016862148,1301.635050074964,161,108.67701863354037,8642.0,1.9999999999999998,-1.2415003648305278,-1.1662838343146955,-1.2038920995726117,success,,position,2.0,4,8655
primary,polar_session_2026-02-04_09-57-46,run_04,polar_session_2026-02-04_09-57-46::run_04,2026-02-04 03:05:53.911000+00:00,2026-02-04 03:08:34.695000+00:00,1,162,160.784,187.57568359375,8.23693778849799,17.319152710102617,-1.149196253958965,1259.4182808392247,161,108.67701863354037,8642.0,1.9999999999999998,-1.2415003648305278,-1.1662838343146955,-1.2038920995726117,success,,position,2.0,5,8756
primary,polar_session_2026-02-04_09-57-46,run_04,polar_session_2026-02-04_09-57-46::run_04,2026-02-04 03:05:53.911000+00:00,2026-02-04 03:08:34.695000+00:00,1,162,160.784,187.57568359375,12.802515674427628,28.124977960307863,-1.445576297700501,2002.8199889254922,161,108.67701863354037,8642.0,1.9999999999999998,-1.2415003648305278,-1.1662838343146955,-1.2038920995726117,success,,position,5.0,1,8357
primary,polar_session_2026-02-04_09-57-46,run_04,polar_session_2026-02-04_09-57-46::run_04,2026-02-04 03:05:53.911000+00:00,2026-02-04 03:08:34.695000+00:00,1,162,160.784,187.57568359375,12.108533129244647,24.2714325266122,-1.147054144049208,1902.2739658221008,161,108.67701863354037,8642.0,1.9999999999999998,-1.2415003648305278,-1.1662838343146955,-1.2038920995726117,success,,position,5.0,2,8458
primary,polar_session_2026-02-04_09-57-46,run_04,polar_session_2026-02-04_09-57-46::run_04,2026-02-04 03:05:53.911000+00:00,2026-02-04 03:08:34.695000+00:00,1,162,160.784,187.57568359375,11.920297476202343,26.45066734185325,-1.1505413081903735,1856.559739580311,161,108.67701863354037,8642.0,1.9999999999999998,-1.2415003648305278,-1.1662838343146955,-1.2038920995726117,success,,position,5.0,3,8559
primary,polar_session_2026-02-04_09-57-46,run_04,polar_session_2026-02-04_09-57-46::run_04,2026-02-04 03:05:53.911000+00:00,2026-02-04 03:08:34.695000+00:00,1,162,160.784,187.57568359375,12.329327329184217,23.687393616463787,-1.148675029223864,1932.0428891011784,161,108.67701863354037,8642.0,1.9999999999999998,-1.2415003648305278,-1.1662838343146955,-1.2038920995726117,success,,position,5.0,4,8660
primary,polar_session_2026-02-04_09-57-46,run_04,polar_session_2026-02-04_09-57-46::run_04,2026-02-04 03:05:53.911000+00:00,2026-02-04 03:08:34.695000+00:00,1,162,160.784,194.3289794921875,12.11886197614523,22.90758827898709,-3.1401878696480434,1909.8872778487407,161,108.67701863354037,8642.0,1.9999999999999998,-1.2015907323343076,-1.1662838343146955,-1.1839372833245014,success,,position,5.0,5,8761
primary,polar_session_2026-02-04_09-57-46,run_04,polar_session_2026-02-04_09-57-46::run_04,2026-02-04 03:05:53.911000+00:00,2026-02-04 03:08:33.686000+00:00,1,81,159.775,178.9486083984375,5.929612529351822,8.686135967522837,-1.096020479993525,959.5175385735537,160,108.63125,8581.0,1.9833333333333327,-1.2924833819735855,-1.1737916701497182,-1.2331375260616517,success,,sampling,2.0,1,8362
primary,polar_session_2026-02-04_09-57-46,run_04,polar_session_2026-02-04_09-57-46::run_04,2026-02-04 03:05:53.911000+00:00,2026-02-04 03:08:33.686000+00:00,1,81,159.775,178.9486083984375,5.929612529351822,8.686135967522837,-1.096020479993525,959.5175385735537,160,108.63125,8581.0,1.9833333333333327,-1.2924833819735855,-1.1737916701497182,-1.2331375260616517,success,,sampling,2.0,2,8463
primary,polar_session_2026-02-04_09-57-46,run_04,polar_session_2026-02-04_09-57-46::run_04,2026-02-04 03:05:53.911000+00:00,2026-02-04 03:08:33.686000+00:00,1,81,159.775,178.9486083984375,5.929612529351822,8.686135967522837,-1.096020479993525,959.5175385735537,160,108.63125,8581.0,1.9833333333333327,-1.2924833819735855,-1.1737916701497182,-1.2331375260616517,success,,sampling,2.0,3,8564
primary,polar_session_2026-02-04_09-57-46,run_04,polar_session_2026-02-04_09-57-46::run_04,2026-02-04 03:05:53.911000+00:00,2026-02-04 03:08:33.686000+00:00,1,81,159.775,178.9486083984375,5.929612529351822,8.686135967522837,-1.096020479993525,959.5175385735537,160,108.63125,8581.0,1.9833333333333327,-1.2924833819735855,-1.1737916701497182,-1.2331375260616517,success,,sampling,2.0,4,8665
primary,polar_session_2026-02-04_09-57-46,run_04,polar_session_2026-02-04_09-57-46::run_04,2026-02-04 03:05:53.911000+00:00,2026-02-04 03:08:33.686000+00:00,1,81,159.775,178.9486083984375,5.929612529351822,8.686135967522837,-1.096020479993525,959.5175385735537,160,108.63125,8581.0,1.9833333333333327,-1.2924833819735855,-1.1737916701497182,-1.2331375260616517,success,,sampling,2.0,5,8766
primary,polar_session_2026-02-04_09-57-46,run_04,polar_session_2026-02-04_09-57-46::run_04,2026-02-04 03:05:53.911000+00:00,2026-02-04 03:08:32.206000+00:00,1,54,158.295,175.373779296875,5.576319525997633,9.988077973837523,-1.088286842279241,901.3011362503936,158,108.53164556962025,8458.0,1.9499999999999995,-1.3136093799789685,-1.1889304210957479,-1.2512699005373582,success,,sampling,3.0,1,8367
primary,polar_session_2026-02-04_09-57-46,run_04,polar_session_2026-02-04_09-57-46::run_04,2026-02-04 03:05:53.911000+00:00,2026-02-04 03:08:32.206000+00:00,1,54,158.295,175.373779296875,5.576319525997633,9.988077973837523,-1.088286842279241,901.3011362503936,158,108.53164556962025,8458.0,1.9499999999999995,-1.3136093799789685,-1.1889304210957479,-1.2512699005373582,success,,sampling,3.0,2,8468
primary,polar_session_2026-02-04_09-57-46,run_04,polar_session_2026-02-04_09-57-46::run_04,2026-02-04 03:05:53.911000+00:00,2026-02-04 03:08:32.206000+00:00,1,54,158.295,175.373779296875,5.576319525997633,9.988077973837523,-1.088286842279241,901.3011362503936,158,108.53164556962025,8458.0,1.9499999999999995,-1.3136093799789685,-1.1889304210957479,-1.2512699005373582,success,,sampling,3.0,3,8569
primary,polar_session_2026-02-04_09-57-46,run_04,polar_session_2026-02-04_09-57-46::run_04,2026-02-04 03:05:53.911000+00:00,2026-02-04 03:08:32.206000+00:00,1,54,158.295,175.373779296875,5.576319525997633,9.988077973837523,-1.088286842279241,901.3011362503936,158,108.53164556962025,8458.0,1.9499999999999995,-1.3136093799789685,-1.1889304210957479,-1.2512699005373582,success,,sampling,3.0,4,8670
primary,polar_session_2026-02-04_09-57-46,run_04,polar_session_2026-02-04_09-57-46::run_04,2026-02-04 03:05:53.911000+00:00,2026-02-04 03:08:32.206000+00:00,1,54,158.295,175.373779296875,5.576319525997633,9.988077973837523,-1.088286842279241,901.3011362503936,158,108.53164556962025,8458.0,1.9499999999999995,-1.3136093799789685,-1.1889304210957479,-1.2512699005373582,success,,sampling,3.0,5,8771
primary,polar_session_2026-02-04_09-57-46,run_04,polar_session_2026-02-04_09-57-46::run_04,2026-02-04 03:05:53.911000+00:00,2026-02-04 03:08:34.695000+00:00,1,162,160.784,187.57568359375,9.231115452848437,49.75477390634804,-2.3060327081244405,976.8501391963208,161,108.67701863354037,8642.0,1.9999999999999998,-1.2415003648305278,-1.1662838343146955,-1.2038920995726117,success,,temporal,0.75,1,8372
primary,polar_session_2026-02-04_09-57-46,run_04,polar_session_2026-02-04_09-57-46::run_04,2026-02-04 03:05:53.911000+00:00,2026-02-04 03:08:34.695000+00:00,1,162,160.784,187.57568359375,9.535565206354747,49.84843580013321,-2.430517638460827,976.8501391963208,161,108.67701863354037,8642.0,1.9999999999999998,-1.2415003648305278,-1.1662838343146955,-1.2038920995726117,success,,temporal,0.75,2,8473
primary,polar_session_2026-02-04_09-57-46,run_04,polar_session_2026-02-04_09-57-46::run_04,2026-02-04 03:05:53.911000+00:00,2026-02-04 03:08:34.695000+00:00,1,162,160.784,187.57568359375,9.90912742946502,50.0,-2.253303294752898,976.8501391963208,161,108.67701863354037,8642.0,1.9999999999999998,-1.2415003648305278,-1.1662838343146955,-1.2038920995726117,success,,temporal,0.75,3,8574
primary,polar_session_2026-02-04_09-57-46,run_04,polar_session_2026-02-04_09-57-46::run_04,2026-02-04 03:05:53.911000+00:00,2026-02-04 03:08:34.695000+00:00,1,162,160.784,187.57568359375,9.409914618513573,49.49193129258415,-1.9613521926649131,976.8501391963208,161,108.67701863354037,8642.0,1.9999999999999998,-1.2415003648305278,-1.1662838343146955,-1.2038920995726117,success,,temporal,0.75,4,8675
primary,polar_session_2026-02-04_09-57-46,run_04,polar_session_2026-02-04_09-57-46::run_04,2026-02-04 03:05:53.911000+00:00,2026-02-04 03:08:34.695000+00:00,1,162,160.784,187.57568359375,9.3784819510629,50.0,-1.7706838961522677,976.8501391963208,161,108.67701863354037,8642.0,1.9999999999999998,-1.2415003648305278,-1.1662838343146955,-1.2038920995726117,success,,temporal,0.75,5,8776
primary,polar_session_2026-02-04_09-57-46,run_04,polar_session_2026-02-04_09-57-46::run_04,2026-02-04 03:05:53.911000+00:00,2026-02-04 03:08:34.695000+00:00,1,162,160.784,187.57568359375,12.528023824340297,50.0,-3.287608889104835,976.8501391963208,161,108.67701863354037,8642.0,1.9999999999999998,-1.2415003648305278,-1.1662838343146955,-1.2038920995726117,success,,temporal,1.5,1,8377
primary,polar_session_2026-02-04_09-57-46,run_04,polar_session_2026-02-04_09-57-46::run_04,2026-02-04 03:05:53.911000+00:00,2026-02-04 03:08:34.695000+00:00,1,162,160.784,187.57568359375,11.548307324961359,50.0,-2.657085235053928,976.8501391963208,161,108.67701863354037,8642.0,1.9999999999999998,-1.2415003648305278,-1.1662838343146955,-1.2038920995726117,success,,temporal,1.5,2,8478
primary,polar_session_2026-02-04_09-57-46,run_04,polar_session_2026-02-04_09-57-46::run_04,2026-02-04 03:05:53.911000+00:00,2026-02-04 03:08:34.695000+00:00,1,162,160.784,187.57568359375,12.59528082451381,50.0,-3.2419337439820906,976.8501391963208,161,108.67701863354037,8642.0,1.9999999999999998,-1.2415003648305278,-1.1662838343146955,-1.2038920995726117,success,,temporal,1.5,3,8579
primary,polar_session_2026-02-04_09-57-46,run_04,polar_session_2026-02-04_09-57-46::run_04,2026-02-04 03:05:53.911000+00:00,2026-02-04 03:08:34.695000+00:00,1,162,160.784,187.57568359375,12.235490880085768,50.0,-2.8385943252702406,976.8501391963208,161,108.67701863354037,8642.0,1.9999999999999998,-1.2415003648305278,-1.1662838343146955,-1.2038920995726117,success,,temporal,1.5,4,8680
primary,polar_session_2026-02-04_09-57-46,run_04,polar_session_2026-02-04_09-57-46::run_04,2026-02-04 03:05:53.911000+00:00,2026-02-04 03:08:34.695000+00:00,1,162,160.784,187.57568359375,13.066633389057811,50.0,-3.6483560670062105,976.8501391963208,161,108.67701863354037,8642.0,1.9999999999999998,-1.2415003648305278,-1.1662838343146955,-1.2038920995726117,success,,temporal,1.5,5,8781
primary,polar_session_2026-02-04_09-57-46,run_05,polar_session_2026-02-04_09-57-46::run_05,2026-02-04 03:10:13.420000+00:00,2026-02-04 03:11:43.124000+00:00,1,91,89.704,95.78270196668836,8.45153620053746,23.46640483690139,-1.5276742076016956,776.4670433181399,90,122.03333333333333,6033.0,2.3166666666666664,-1.783964995073656,-1.487397665356899,-1.6356813302152775,success,,elevation,2.0,1,9342
primary,polar_session_2026-02-04_09-57-46,run_05,polar_session_2026-02-04_09-57-46::run_05,2026-02-04 03:10:13.420000+00:00,2026-02-04 03:11:43.124000+00:00,1,91,89.704,92.84232132456032,8.45153620053746,23.46640483690139,-1.123896731511853,776.4670433181399,90,122.03333333333333,6033.0,2.3166666666666664,-1.801341623107011,-1.487397665356899,-1.644369644231955,success,,elevation,2.0,2,9443
primary,polar_session_2026-02-04_09-57-46,run_05,polar_session_2026-02-04_09-57-46::run_05,2026-02-04 03:10:13.420000+00:00,2026-02-04 03:11:43.124000+00:00,1,91,89.704,93.26086638952756,8.45153620053746,23.46640483690139,-1.0150706621723775,776.4670433181399,90,122.03333333333333,6033.0,2.3166666666666664,-1.7988681671860562,-1.487397665356899,-1.6431329162714776,success,,elevation,2.0,3,9544
primary,polar_session_2026-02-04_09-57-46,run_05,polar_session_2026-02-04_09-57-46::run_05,2026-02-04 03:10:13.420000+00:00,2026-02-04 03:11:43.124000+00:00,1,91,89.704,94.89735376422163,8.45153620053746,23.46640483690139,-2.1474891981114124,776.4670433181399,90,122.03333333333333,6033.0,2.3166666666666664,-1.7891970953581722,-1.487397665356899,-1.6382973803575356,success,,elevation,2.0,4,9645
primary,polar_session_2026-02-04_09-57-46,run_05,polar_session_2026-02-04_09-57-46::run_05,2026-02-04 03:10:13.420000+00:00,2026-02-04 03:11:43.124000+00:00,1,91,89.704,94.47557242789776,8.45153620053746,23.46640483690139,-1.3328605575834716,776.4670433181399,90,122.03333333333333,6033.0,2.3166666666666664,-1.791689676518483,-1.487397665356899,-1.639543670937691,success,,elevation,2.0,5,9746
primary,polar_session_2026-02-04_09-57-46,run_05,polar_session_2026-02-04_09-57-46::run_05,2026-02-04 03:10:13.420000+00:00,2026-02-04 03:11:43.124000+00:00,1,91,89.704,98.43941088939869,8.45153620053746,23.46640483690139,-2.710474879233129,776.4670433181399,90,122.03333333333333,6033.0,2.3166666666666664,-1.7682647683474244,-1.487397665356899,-1.6278312168521616,success,,elevation,5.0,1,9347
primary,polar_session_2026-02-04_09-57-46,run_05,polar_session_2026-02-04_09-57-46::run_05,2026-02-04 03:10:13.420000+00:00,2026-02-04 03:11:43.124000+00:00,1,91,89.704,94.95734323814213,8.45153620053746,23.46640483690139,-3.374439846878977,776.4670433181399,90,122.03333333333333,6033.0,2.3166666666666664,-1.7888425784091424,-1.487397665356899,-1.6381201218830208,success,,elevation,5.0,2,9448
primary,polar_session_2026-02-04_09-57-46,run_05,polar_session_2026-02-04_09-57-46::run_05,2026-02-04 03:10:13.420000+00:00,2026-02-04 03:11:43.124000+00:00,1,91,89.704,90.9664358049854,8.45153620053746,23.46640483690139,-1.0343814660394057,776.4670433181399,90,122.03333333333333,6033.0,2.3166666666666664,-1.8124274547982506,-1.487397665356899,-1.6499125600775748,success,,elevation,5.0,3,9549
primary,polar_session_2026-02-04_09-57-46,run_05,polar_session_2026-02-04_09-57-46::run_05,2026-02-04 03:10:13.420000+00:00,2026-02-04 03:11:43.124000+00:00,1,91,89.704,93.41551422058592,8.45153620053746,23.46640483690139,-1.0188230030696734,776.4670433181399,90,122.03333333333333,6033.0,2.3166666666666664,-1.7979542522330176,-1.487397665356899,-1.6426759587949582,success,,elevation,5.0,4,9650
primary,polar_session_2026-02-04_09-57-46,run_05,polar_session_2026-02-04_09-57-46::run_05,2026-02-04 03:10:13.420000+00:00,2026-02-04 03:11:43.124000+00:00,1,91,89.704,87.27561411876513,8.45153620053746,23.46640483690139,-0.9503492757706632,776.4670433181399,90,122.03333333333333,6033.0,2.3166666666666664,-1.834238928680242,-1.487397665356899,-1.6608182970185705,success,,elevation,5.0,5,9751
primary,polar_session_2026-02-04_09-57-46,run_05,polar_session_2026-02-04_09-57-46::run_05,2026-02-04 03:10:13.420000+00:00,2026-02-04 03:11:43.124000+00:00,1,91,89.704,93.33740234375,10.816357010479992,24.09938453868606,-1.015926827818878,953.2104550105907,90,122.03333333333333,6033.0,2.3166666666666664,-1.7984158662871024,-1.487397665356899,-1.6429067658220007,success,,position,2.0,1,9352
primary,polar_session_2026-02-04_09-57-46,run_05,polar_session_2026-02-04_09-57-46::run_05,2026-02-04 03:10:13.420000+00:00,2026-02-04 03:11:43.124000+00:00,1,91,89.704,93.33740234375,10.845939802150976,23.42110935172834,-1.1856875562314784,953.708156777035,90,122.03333333333333,6033.0,2.3166666666666664,-1.7984158662871024,-1.487397665356899,-1.6429067658220007,success,,position,2.0,2,9453
primary,polar_session_2026-02-04_09-57-46,run_05,polar_session_2026-02-04_09-57-46::run_05,2026-02-04 03:10:13.420000+00:00,2026-02-04 03:11:43.124000+00:00,1,91,89.704,93.33740234375,10.476202643636984,22.67657503795429,-1.0150767762833093,920.3896775680299,90,122.03333333333333,6033.0,2.3166666666666664,-1.7984158662871024,-1.487397665356899,-1.6429067658220007,success,,position,2.0,3,9554
primary,polar_session_2026-02-04_09-57-46,run_05,polar_session_2026-02-04_09-57-46::run_05,2026-02-04 03:10:13.420000+00:00,2026-02-04 03:11:43.124000+00:00,1,91,89.704,93.33740234375,11.310118298898852,25.098540623688514,-1.1850466112263665,991.9862763075491,90,122.03333333333333,6033.0,2.3166666666666664,-1.7984158662871024,-1.487397665356899,-1.6429067658220007,success,,position,2.0,4,9655
primary,polar_session_2026-02-04_09-57-46,run_05,polar_session_2026-02-04_09-57-46::run_05,2026-02-04 03:10:13.420000+00:00,2026-02-04 03:11:43.124000+00:00,1,91,89.704,93.33740234375,10.858787881127363,24.309673535119806,-1.0163532439591276,953.9823437829612,90,122.03333333333333,6033.0,2.3166666666666664,-1.7984158662871024,-1.487397665356899,-1.6429067658220007,success,,position,2.0,5,9756
primary,polar_session_2026-02-04_09-57-46,run_05,polar_session_2026-02-04_09-57-46::run_05,2026-02-04 03:10:13.420000+00:00,2026-02-04 03:11:43.124000+00:00,1,91,89.704,93.33740234375,13.049610272210844,27.076681099227585,-1.0170485469044976,1156.4460544605224,90,122.03333333333333,6033.0,2.3166666666666664,-1.7984158662871024,-1.487397665356899,-1.6429067658220007,success,,position,5.0,1,9357
primary,polar_session_2026-02-04_09-57-46,run_05,polar_session_2026-02-04_09-57-46::run_05,2026-02-04 03:10:13.420000+00:00,2026-02-04 03:11:43.124000+00:00,1,91,89.704,93.33740234375,14.253156130550893,29.598782349555982,-1.0175540482367322,1266.0321908695691,90,122.03333333333333,6033.0,2.3166666666666664,-1.7984158662871024,-1.487397665356899,-1.6429067658220007,success,,position,5.0,2,9458
primary,polar_session_2026-02-04_09-57-46,run_05,polar_session_2026-02-04_09-57-46::run_05,2026-02-04 03:10:13.420000+00:00,2026-02-04 03:11:43.124000+00:00,1,91,89.704,93.33740234375,13.936187072572872,29.99897553543618,-1.1868471634096731,1234.1913373075788,90,122.03333333333333,6033.0,2.3166666666666664,-1.7984158662871024,-1.487397665356899,-1.6429067658220007,success,,position,5.0,3,9559
primary,polar_session_2026-02-04_09-57-46,run_05,polar_session_2026-02-04_09-57-46::run_05,2026-02-04 03:10:13.420000+00:00,2026-02-04 03:11:43.124000+00:00,1,91,89.704,97.220947265625,13.37113530765131,25.765910352253385,-1.228663854016238,1184.726465884442,90,122.03333333333333,6033.0,2.3166666666666664,-1.7754654650392534,-1.487397665356899,-1.6314315651980762,success,,position,5.0,4,9660
primary,polar_session_2026-02-04_09-57-46,run_05,polar_session_2026-02-04_09-57-46::run_05,2026-02-04 03:10:13.420000+00:00,2026-02-04 03:11:43.124000+00:00,1,91,89.704,93.33740234375,14.212326305696864,30.07029542421066,-1.142326318179683,1260.3150075667515,90,122.03333333333333,6033.0,2.3166666666666664,-1.7984158662871024,-1.487397665356899,-1.6429067658220007,success,,position,5.0,5,9761
primary,polar_session_2026-02-04_09-57-46,run_05,polar_session_2026-02-04_09-57-46::run_05,2026-02-04 03:10:13.420000+00:00,2026-02-04 03:11:43.124000+00:00,1,46,89.704,87.601806640625,8.55041183973573,12.4200011739265,-1.0360877290614172,776.4670433181396,90,122.03333333333333,6033.0,2.3166666666666664,-1.8323112442034737,-1.487397665356899,-1.6598544547801863,success,,sampling,2.0,1,9362
primary,polar_session_2026-02-04_09-57-46,run_05,polar_session_2026-02-04_09-57-46::run_05,2026-02-04 03:10:13.420000+00:00,2026-02-04 03:11:43.124000+00:00,1,46,89.704,87.601806640625,8.55041183973573,12.4200011739265,-1.0360877290614172,776.4670433181396,90,122.03333333333333,6033.0,2.3166666666666664,-1.8323112442034737,-1.487397665356899,-1.6598544547801863,success,,sampling,2.0,2,9463
primary,polar_session_2026-02-04_09-57-46,run_05,polar_session_2026-02-04_09-57-46::run_05,2026-02-04 03:10:13.420000+00:00,2026-02-04 03:11:43.124000+00:00,1,46,89.704,87.601806640625,8.55041183973573,12.4200011739265,-1.0360877290614172,776.4670433181396,90,122.03333333333333,6033.0,2.3166666666666664,-1.8323112442034737,-1.487397665356899,-1.6598544547801863,success,,sampling,2.0,3,9564
primary,polar_session_2026-02-04_09-57-46,run_05,polar_session_2026-02-04_09-57-46::run_05,2026-02-04 03:10:13.420000+00:00,2026-02-04 03:11:43.124000+00:00,1,46,89.704,87.601806640625,8.55041183973573,12.4200011739265,-1.0360877290614172,776.4670433181396,90,122.03333333333333,6033.0,2.3166666666666664,-1.8323112442034737,-1.487397665356899,-1.6598544547801863,success,,sampling,2.0,4,9665
primary,polar_session_2026-02-04_09-57-46,run_05,polar_session_2026-02-04_09-57-46::run_05,2026-02-04 03:10:13.420000+00:00,2026-02-04 03:11:43.124000+00:00,1,46,89.704,87.601806640625,8.55041183973573,12.4200011739265,-1.0360877290614172,776.4670433181396,90,122.03333333333333,6033.0,2.3166666666666664,-1.8323112442034737,-1.487397665356899,-1.6598544547801863,success,,sampling,2.0,5,9766
primary,polar_session_2026-02-04_09-57-46,run_05,polar_session_2026-02-04_09-57-46::run_05,2026-02-04 03:10:13.420000+00:00,2026-02-04 03:11:43.124000+00:00,1,31,89.704,86.9041748046875,8.17994546565072,14.263293177931146,-0.9743121155683004,758.3377488259413,90,122.03333333333333,6033.0,2.3166666666666664,-1.8364340059791529,-1.487397665356899,-1.661915835668026,success,,sampling,3.0,1,9367
primary,polar_session_2026-02-04_09-57-46,run_05,polar_session_2026-02-04_09-57-46::run_05,2026-02-04 03:10:13.420000+00:00,2026-02-04 03:11:43.124000+00:00,1,31,89.704,86.9041748046875,8.17994546565072,14.263293177931146,-0.9743121155683004,758.3377488259413,90,122.03333333333333,6033.0,2.3166666666666664,-1.8364340059791529,-1.487397665356899,-1.661915835668026,success,,sampling,3.0,2,9468
primary,polar_session_2026-02-04_09-57-46,run_05,polar_session_2026-02-04_09-57-46::run_05,2026-02-04 03:10:13.420000+00:00,2026-02-04 03:11:43.124000+00:00,1,31,89.704,86.9041748046875,8.17994546565072,14.263293177931146,-0.9743121155683004,758.3377488259413,90,122.03333333333333,6033.0,2.3166666666666664,-1.8364340059791529,-1.487397665356899,-1.661915835668026,success,,sampling,3.0,3,9569
primary,polar_session_2026-02-04_09-57-46,run_05,polar_session_2026-02-04_09-57-46::run_05,2026-02-04 03:10:13.420000+00:00,2026-02-04 03:11:43.124000+00:00,1,31,89.704,86.9041748046875,8.17994546565072,14.263293177931146,-0.9743121155683004,758.3377488259413,90,122.03333333333333,6033.0,2.3166666666666664,-1.8364340059791529,-1.487397665356899,-1.661915835668026,success,,sampling,3.0,4,9670
primary,polar_session_2026-02-04_09-57-46,run_05,polar_session_2026-02-04_09-57-46::run_05,2026-02-04 03:10:13.420000+00:00,2026-02-04 03:11:43.124000+00:00,1,31,89.704,86.9041748046875,8.17994546565072,14.263293177931146,-0.9743121155683004,758.3377488259413,90,122.03333333333333,6033.0,2.3166666666666664,-1.8364340059791529,-1.487397665356899,-1.661915835668026,success,,sampling,3.0,5,9771
primary,polar_session_2026-02-04_09-57-46,run_05,polar_session_2026-02-04_09-57-46::run_05,2026-02-04 03:10:13.420000+00:00,2026-02-04 03:11:43.124000+00:00,1,91,89.704,93.33740234375,11.858847699449997,50.0,-1.1450798231863315,776.4670433181399,90,122.03333333333333,6033.0,2.3166666666666664,-1.7984158662871024,-1.487397665356899,-1.6429067658220007,success,,temporal,0.75,1,9372
primary,polar_session_2026-02-04_09-57-46,run_05,polar_session_2026-02-04_09-57-46::run_05,2026-02-04 03:10:13.420000+00:00,2026-02-04 03:11:43.124000+00:00,1,91,89.704,93.33740234375,12.004914341721067,50.0,-2.4154959653840806,776.4670433181399,90,122.03333333333333,6033.0,2.3166666666666664,-1.7984158662871024,-1.487397665356899,-1.6429067658220007,success,,temporal,0.75,2,9473
primary,polar_session_2026-02-04_09-57-46,run_05,polar_session_2026-02-04_09-57-46::run_05,2026-02-04 03:10:13.420000+00:00,2026-02-04 03:11:43.124000+00:00,1,91,89.704,93.33740234375,13.120323774031862,50.0,-1.8455373318532824,776.4670433181399,90,122.03333333333333,6033.0,2.3166666666666664,-1.7984158662871024,-1.487397665356899,-1.6429067658220007,success,,temporal,0.75,3,9574
primary,polar_session_2026-02-04_09-57-46,run_05,polar_session_2026-02-04_09-57-46::run_05,2026-02-04 03:10:13.420000+00:00,2026-02-04 03:11:43.124000+00:00,1,91,89.704,93.33740234375,11.839982168040438,50.0,-1.7949278293167719,776.4670433181399,90,122.03333333333333,6033.0,2.3166666666666664,-1.7984158662871024,-1.487397665356899,-1.6429067658220007,success,,temporal,0.75,4,9675
primary,polar_session_2026-02-04_09-57-46,run_05,polar_session_2026-02-04_09-57-46::run_05,2026-02-04 03:10:13.420000+00:00,2026-02-04 03:11:43.124000+00:00,1,91,89.704,93.33740234375,12.914622761005338,50.0,-1.7955065870355202,776.4670433181399,90,122.03333333333333,6033.0,2.3166666666666664,-1.7984158662871024,-1.487397665356899,-1.6429067658220007,success,,temporal,0.75,5,9776
primary,polar_session_2026-02-04_09-57-46,run_05,polar_session_2026-02-04_09-57-46::run_05,2026-02-04 03:10:13.420000+00:00,2026-02-04 03:11:43.124000+00:00,1,91,89.704,93.33740234375,12.96958977642623,50.0,-2.512706494489746,776.4670433181399,90,122.03333333333333,6033.0,2.3166666666666664,-1.7984158662871024,-1.487397665356899,-1.6429067658220007,success,,temporal,1.5,1,9377
primary,polar_session_2026-02-04_09-57-46,run_05,polar_session_2026-02-04_09-57-46::run_05,2026-02-04 03:10:13.420000+00:00,2026-02-04 03:11:43.124000+00:00,1,91,89.704,93.33740234375,13.440038812200852,50.0,-2.501879612565326,776.4670433181399,90,122.03333333333333,6033.0,2.3166666666666664,-1.7984158662871024,-1.487397665356899,-1.6429067658220007,success,,temporal,1.5,2,9478
primary,polar_session_2026-02-04_09-57-46,run_05,polar_session_2026-02-04_09-57-46::run_05,2026-02-04 03:10:13.420000+00:00,2026-02-04 03:11:43.124000+00:00,1,91,89.704,93.33740234375,11.975757958552117,50.0,-2.1699680020017613,776.4670433181399,90,122.03333333333333,6033.0,2.3166666666666664,-1.7984158662871024,-1.487397665356899,-1.6429067658220007,success,,temporal,1.5,3,9579
primary,polar_session_2026-02-04_09-57-46,run_05,polar_session_2026-02-04_09-57-46::run_05,2026-02-04 03:10:13.420000+00:00,2026-02-04 03:11:43.124000+00:00,1,91,89.704,93.33740234375,13.197796122079486,50.0,-2.3424745217351153,776.4670433181399,90,122.03333333333333,6033.0,2.3166666666666664,-1.7984158662871024,-1.487397665356899,-1.6429067658220007,success,,temporal,1.5,4,9680
primary,polar_session_2026-02-04_09-57-46,run_05,polar_session_2026-02-04_09-57-46::run_05,2026-02-04 03:10:13.420000+00:00,2026-02-04 03:11:43.124000+00:00,1,91,89.704,93.33740234375,15.594560442386516,50.0,-4.141225032783898,776.4670433181399,90,122.03333333333333,6033.0,2.3166666666666664,-1.7984158662871024,-1.487397665356899,-1.6429067658220007,success,,temporal,1.5,5,9781
primary,polar_session_2026-02-04_09-57-46,run_06,polar_session_2026-02-04_09-57-46::run_06,2026-02-04 03:23:05.921000+00:00,2026-02-04 03:31:58.859000+00:00,1,534,532.938,530.8118622777836,6.603198100924548,19.852882832489286,-1.2891299730957149,3570.970345082438,533,102.03564727954972,25070.0,6.3,0.7869062023770736,0.8556625115501263,0.8212843569635999,success,,elevation,2.0,1,10342
primary,polar_session_2026-02-04_09-57-46,run_06,polar_session_2026-02-04_09-57-46::run_06,2026-02-04 03:23:05.921000+00:00,2026-02-04 03:31:58.859000+00:00,1,534,532.938,530.0684960186854,6.603198100924548,19.852882832489286,-1.2491053159929053,3570.970345082438,533,102.03564727954972,25070.0,6.3,0.7825131660497952,0.8556625115501263,0.8190878387999607,success,,elevation,2.0,2,10443
primary,polar_session_2026-02-04_09-57-46,run_06,polar_session_2026-02-04_09-57-46::run_06,2026-02-04 03:23:05.921000+00:00,2026-02-04 03:31:58.859000+00:00,1,534,532.938,529.9076798576,6.603198100924548,19.852882832489286,-1.1604618343603659,3570.970345082438,533,102.03564727954972,25070.0,6.3,0.7815627984093282,0.8556625115501263,0.8186126549797272,success,,elevation,2.0,3,10544
primary,polar_session_2026-02-04_09-57-46,run_06,polar_session_2026-02-04_09-57-46::run_06,2026-02-04 03:23:05.921000+00:00,2026-02-04 03:31:58.859000+00:00,1,534,532.938,530.1811420784124,6.603198100924548,19.852882832489286,-1.2320792842210815,3570.970345082438,533,102.03564727954972,25070.0,6.3,0.7831788651267292,0.8556625115501263,0.8194206883384277,success,,elevation,2.0,4,10645
primary,polar_session_2026-02-04_09-57-46,run_06,polar_session_2026-02-04_09-57-46::run_06,2026-02-04 03:23:05.921000+00:00,2026-02-04 03:31:58.859000+00:00,1,534,532.938,529.1652846761162,6.603198100924548,19.852882832489286,-1.0815911898925068,3570.970345082438,533,102.03564727954972,25070.0,6.3,0.7771755008133742,0.8556625115501263,0.8164190061817502,success,,elevation,2.0,5,10746
primary,polar_session_2026-02-04_09-57-46,run_06,polar_session_2026-02-04_09-57-46::run_06,2026-02-04 03:23:05.921000+00:00,2026-02-04 03:31:58.859000+00:00,1,534,532.938,542.6166040631833,6.603198100924548,19.852882832489286,-1.1915349492473477,3570.970345082438,533,102.03564727954972,25070.0,6.3,0.8566681250668647,0.8556625115501263,0.8561653183084955,success,,elevation,5.0,1,10347
primary,polar_session_2026-02-04_09-57-46,run_06,polar_session_2026-02-04_09-57-46::run_06,2026-02-04 03:23:05.921000+00:00,2026-02-04 03:31:58.859000+00:00,1,534,532.938,536.3211740036031,6.603198100924548,19.852882832489286,-1.2150221180245522,3570.970345082438,533,102.03564727954972,25070.0,6.3,0.819464320604271,0.8556625115501263,0.8375634160771986,success,,elevation,5.0,2,10448
primary,polar_session_2026-02-04_09-57-46,run_06,polar_session_2026-02-04_09-57-46::run_06,2026-02-04 03:23:05.921000+00:00,2026-02-04 03:31:58.859000+00:00,1,534,532.938,531.9840876693349,6.603198100924548,19.852882832489286,-1.1468702988116473,3570.970345082438,533,102.03564727954972,25070.0,6.3,0.7938336471807845,0.8556625115501263,0.8247480793654554,success,,elevation,5.0,3,10549
primary,polar_session_2026-02-04_09-57-46,run_06,polar_session_2026-02-04_09-57-46::run_06,2026-02-04 03:23:05.921000+00:00,2026-02-04 03:31:58.859000+00:00,1,534,532.938,531.2853134210611,6.603198100924548,19.852882832489286,-1.6938210407229253,3570.970345082438,533,102.03564727954972,25070.0,6.3,0.7897041341451002,0.8556625115501263,0.8226833228476133,success,,elevation,5.0,4,10650
primary,polar_session_2026-02-04_09-57-46,run_06,polar_session_2026-02-04_09-57-46::run_06,2026-02-04 03:23:05.921000+00:00,2026-02-04 03:31:58.859000+00:00,1,534,532.938,518.0664410669724,6.603198100924548,19.852882832489286,-1.2034950276271614,3570.970345082438,533,102.03564727954972,25070.0,6.3,0.7115851910986112,0.8556625115501263,0.7836238513243687,success,,elevation,5.0,5,10751
primary,polar_session_2026-02-04_09-57-46,run_06,polar_session_2026-02-04_09-57-46::run_06,2026-02-04 03:23:05.921000+00:00,2026-02-04 03:31:58.859000+00:00,1,534,532.938,530.453369140625,8.84827812106602,20.724283973609335,-0.9841649375608909,4597.271421145795,533,102.03564727954972,25070.0,6.3,0.7847876324859296,0.8556625115501263,0.820225072018028,success,,position,2.0,1,10352
primary,polar_session_2026-02-04_09-57-46,run_06,polar_session_2026-02-04_09-57-46::run_06,2026-02-04 03:23:05.921000+00:00,2026-02-04 03:31:58.859000+00:00,1,534,532.938,530.453369140625,8.867637918142817,20.567394314774226,-0.98332809937495,4555.976256877093,533,102.03564727954972,25070.0,6.3,0.7847876324859296,0.8556625115501263,0.820225072018028,success,,position,2.0,2,10453
primary,polar_session_2026-02-04_09-57-46,run_06,polar_session_2026-02-04_09-57-46::run_06,2026-02-04 03:23:05.921000+00:00,2026-02-04 03:31:58.859000+00:00,1,534,532.938,530.453369140625,8.864970761507141,21.82126735046916,-0.9836873578196864,4553.597499061168,533,102.03564727954972,25070.0,6.3,0.7847876324859296,0.8556625115501263,0.820225072018028,success,,position,2.0,3,10554
primary,polar_session_2026-02-04_09-57-46,run_06,polar_session_2026-02-04_09-57-46::run_06,2026-02-04 03:23:05.921000+00:00,2026-02-04 03:31:58.859000+00:00,1,534,532.938,530.147216796875,8.62284295653196,20.980464371193996,-1.234797381131846,4453.030924018058,533,102.03564727954972,25070.0,6.3,0.7829783784993324,0.8556625115501263,0.8193204450247293,success,,position,2.0,4,10655
primary,polar_session_2026-02-04_09-57-46,run_06,polar_session_2026-02-04_09-57-46::run_06,2026-02-04 03:23:05.921000+00:00,2026-02-04 03:31:58.859000+00:00,1,534,532.938,530.453369140625,8.74570713358632,21.371281709523302,-0.9838436159067382,4491.617296732695,533,102.03564727954972,25070.0,6.3,0.7847876324859296,0.8556625115501263,0.820225072018028,success,,position,2.0,5,10756
primary,polar_session_2026-02-04_09-57-46,run_06,polar_session_2026-02-04_09-57-46::run_06,2026-02-04 03:23:05.921000+00:00,2026-02-04 03:31:58.859000+00:00,1,534,532.938,530.453369140625,12.184153220973618,25.148097426517,-1.3208251013776906,6364.207598163268,533,102.03564727954972,25070.0,6.3,0.7847876324859296,0.8556625115501263,0.820225072018028,success,,position,5.0,1,10357
primary,polar_session_2026-02-04_09-57-46,run_06,polar_session_2026-02-04_09-57-46::run_06,2026-02-04 03:23:05.921000+00:00,2026-02-04 03:31:58.859000+00:00,1,534,532.938,530.453369140625,12.172601689743525,27.03856825701369,-1.0661025101270158,6354.833456257875,533,102.03564727954972,25070.0,6.3,0.7847876324859296,0.8556625115501263,0.820225072018028,success,,position,5.0,2,10458
primary,polar_session_2026-02-04_09-57-46,run_06,polar_session_2026-02-04_09-57-46::run_06,2026-02-04 03:23:05.921000+00:00,2026-02-04 03:31:58.859000+00:00,1,534,532.938,530.453369140625,12.4767919012853,25.26760807395437,-1.2359676507252855,6531.772159172615,533,102.03564727954972,25070.0,6.3,0.7847876324859296,0.8556625115501263,0.820225072018028,success,,position,5.0,3,10559
primary,polar_session_2026-02-04_09-57-46,run_06,polar_session_2026-02-04_09-57-46::run_06,2026-02-04 03:23:05.921000+00:00,2026-02-04 03:31:58.859000+00:00,1,534,532.938,530.453369140625,12.359182497882559,25.515952287383023,-1.1109814173545982,6453.174266867538,533,102.03564727954972,25070.0,6.3,0.7847876324859296,0.8556625115501263,0.820225072018028,success,,position,5.0,4,10660
primary,polar_session_2026-02-04_09-57-46,run_06,polar_session_2026-02-04_09-57-46::run_06,2026-02-04 03:23:05.921000+00:00,2026-02-04 03:31:58.859000+00:00,1,534,532.938,530.147216796875,12.733126869706794,25.928916957101546,-1.2546002556046316,6666.197636104628,533,102.03564727954972,25070.0,6.3,0.7829783784993324,0.8556625115501263,0.8193204450247293,success,,position,5.0,5,10761
primary,polar_session_2026-02-04_09-57-46,run_06,polar_session_2026-02-04_09-57-46::run_06,2026-02-04 03:23:05.921000+00:00,2026-02-04 03:31:57.848000+00:00,1,267,531.927,511.9752197265625,6.6348888699067246,11.724724539188362,-0.9566398974507244,3543.815424587666,532,102.02255639097744,25016.0,6.283333333333332,0.6755881892191083,0.8490162306469913,0.7623022099330499,success,,sampling,2.0,1,10362
primary,polar_session_2026-02-04_09-57-46,run_06,polar_session_2026-02-04_09-57-46::run_06,2026-02-04 03:23:05.921000+00:00,2026-02-04 03:31:57.848000+00:00,1,267,531.927,511.9752197265625,6.6348888699067246,11.724724539188362,-0.9566398974507244,3543.815424587666,532,102.02255639097744,25016.0,6.283333333333332,0.6755881892191083,0.8490162306469913,0.7623022099330499,success,,sampling,2.0,2,10463
primary,polar_session_2026-02-04_09-57-46,run_06,polar_session_2026-02-04_09-57-46::run_06,2026-02-04 03:23:05.921000+00:00,2026-02-04 03:31:57.848000+00:00,1,267,531.927,511.9752197265625,6.6348888699067246,11.724724539188362,-0.9566398974507244,3543.815424587666,532,102.02255639097744,25016.0,6.283333333333332,0.6755881892191083,0.8490162306469913,0.7623022099330499,success,,sampling,2.0,3,10564
primary,polar_session_2026-02-04_09-57-46,run_06,polar_session_2026-02-04_09-57-46::run_06,2026-02-04 03:23:05.921000+00:00,2026-02-04 03:31:57.848000+00:00,1,267,531.927,511.9752197265625,6.6348888699067246,11.724724539188362,-0.9566398974507244,3543.815424587666,532,102.02255639097744,25016.0,6.283333333333332,0.6755881892191083,0.8490162306469913,0.7623022099330499,success,,sampling,2.0,4,10665
primary,polar_session_2026-02-04_09-57-46,run_06,polar_session_2026-02-04_09-57-46::run_06,2026-02-04 03:23:05.921000+00:00,2026-02-04 03:31:57.848000+00:00,1,267,531.927,511.9752197265625,6.6348888699067246,11.724724539188362,-0.9566398974507244,3543.815424587666,532,102.02255639097744,25016.0,6.283333333333332,0.6755881892191083,0.8490162306469913,0.7623022099330499,success,,sampling,2.0,5,10766
primary,polar_session_2026-02-04_09-57-46,run_06,polar_session_2026-02-04_09-57-46::run_06,2026-02-04 03:23:05.921000+00:00,2026-02-04 03:31:56.840000+00:00,1,178,530.919,507.721435546875,6.428278500295001,12.951833107166571,-0.9499117458275372,3433.610409890366,531,102.00941619585687,24962.0,6.266666666666667,0.6504498025879462,0.8423699497438564,0.7464098761659013,success,,sampling,3.0,1,10367
primary,polar_session_2026-02-04_09-57-46,run_06,polar_session_2026-02-04_09-57-46::run_06,2026-02-04 03:23:05.921000+00:00,2026-02-04 03:31:56.840000+00:00,1,178,530.919,507.721435546875,6.428278500295001,12.951833107166571,-0.9499117458275372,3433.610409890366,531,102.00941619585687,24962.0,6.266666666666667,0.6504498025879462,0.8423699497438564,0.7464098761659013,success,,sampling,3.0,2,10468
primary,polar_session_2026-02-04_09-57-46,run_06,polar_session_2026-02-04_09-57-46::run_06,2026-02-04 03:23:05.921000+00:00,2026-02-04 03:31:56.840000+00:00,1,178,530.919,507.721435546875,6.428278500295001,12.951833107166571,-0.9499117458275372,3433.610409890366,531,102.00941619585687,24962.0,6.266666666666667,0.6504498025879462,0.8423699497438564,0.7464098761659013,success,,sampling,3.0,3,10569
primary,polar_session_2026-02-04_09-57-46,run_06,polar_session_2026-02-04_09-57-46::run_06,2026-02-04 03:23:05.921000+00:00,2026-02-04 03:31:56.840000+00:00,1,178,530.919,507.721435546875,6.428278500295001,12.951833107166571,-0.9499117458275372,3433.610409890366,531,102.00941619585687,24962.0,6.266666666666667,0.6504498025879462,0.8423699497438564,0.7464098761659013,success,,sampling,3.0,4,10670
primary,polar_session_2026-02-04_09-57-46,run_06,polar_session_2026-02-04_09-57-46::run_06,2026-02-04 03:23:05.921000+00:00,2026-02-04 03:31:56.840000+00:00,1,178,530.919,507.721435546875,6.428278500295001,12.951833107166571,-0.9499117458275372,3433.610409890366,531,102.00941619585687,24962.0,6.266666666666667,0.6504498025879462,0.8423699497438564,0.7464098761659013,success,,sampling,3.0,5,10771
primary,polar_session_2026-02-04_09-57-46,run_06,polar_session_2026-02-04_09-57-46::run_06,2026-02-04 03:23:05.921000+00:00,2026-02-04 03:31:58.859000+00:00,1,534,532.938,530.147216796875,10.382151348694377,50.0,-1.5844550353355908,3570.970345082438,533,102.03564727954972,25070.0,6.3,0.7829783784993324,0.8556625115501263,0.8193204450247293,success,,temporal,0.75,1,10372
primary,polar_session_2026-02-04_09-57-46,run_06,polar_session_2026-02-04_09-57-46::run_06,2026-02-04 03:23:05.921000+00:00,2026-02-04 03:31:58.859000+00:00,1,534,532.938,530.147216796875,10.130824588036608,50.0,-1.6360487517024693,3570.970345082438,533,102.03564727954972,25070.0,6.3,0.7829783784993324,0.8556625115501263,0.8193204450247293,success,,temporal,0.75,2,10473
primary,polar_session_2026-02-04_09-57-46,run_06,polar_session_2026-02-04_09-57-46::run_06,2026-02-04 03:23:05.921000+00:00,2026-02-04 03:31:58.859000+00:00,1,534,532.938,530.147216796875,10.106341274388566,50.0,-1.7855858209367559,3570.970345082438,533,102.03564727954972,25070.0,6.3,0.7829783784993324,0.8556625115501263,0.8193204450247293,success,,temporal,0.75,3,10574
primary,polar_session_2026-02-04_09-57-46,run_06,polar_session_2026-02-04_09-57-46::run_06,2026-02-04 03:23:05.921000+00:00,2026-02-04 03:31:58.859000+00:00,1,534,532.938,530.147216796875,9.63960333240791,50.0,-1.6306653833081084,3570.970345082438,533,102.03564727954972,25070.0,6.3,0.7829783784993324,0.8556625115501263,0.8193204450247293,success,,temporal,0.75,4,10675
primary,polar_session_2026-02-04_09-57-46,run_06,polar_session_2026-02-04_09-57-46::run_06,2026-02-04 03:23:05.921000+00:00,2026-02-04 03:31:58.859000+00:00,1,534,532.938,530.147216796875,10.294883638325302,50.0,-1.7238533305426476,3570.970345082438,533,102.03564727954972,25070.0,6.3,0.7829783784993324,0.8556625115501263,0.8193204450247293,success,,temporal,0.75,5,10776
primary,polar_session_2026-02-04_09-57-46,run_06,polar_session_2026-02-04_09-57-46::run_06,2026-02-04 03:23:05.921000+00:00,2026-02-04 03:31:58.859000+00:00,1,534,532.938,530.147216796875,12.390502228017635,50.0,-2.420669791682743,3570.970345082438,533,102.03564727954972,25070.0,6.3,0.7829783784993324,0.8556625115501263,0.8193204450247293,success,,temporal,1.5,1,10377
primary,polar_session_2026-02-04_09-57-46,run_06,polar_session_2026-02-04_09-57-46::run_06,2026-02-04 03:23:05.921000+00:00,2026-02-04 03:31:58.859000+00:00,1,534,532.938,530.147216796875,12.945784101723456,50.0,-2.655622851085902,3570.970345082438,533,102.03564727954972,25070.0,6.3,0.7829783784993324,0.8556625115501263,0.8193204450247293,success,,temporal,1.5,2,10478
primary,polar_session_2026-02-04_09-57-46,run_06,polar_session_2026-02-04_09-57-46::run_06,2026-02-04 03:23:05.921000+00:00,2026-02-04 03:31:58.859000+00:00,1,534,532.938,530.147216796875,12.817975623746005,50.0,-2.456329493888346,3570.970345082438,533,102.03564727954972,25070.0,6.3,0.7829783784993324,0.8556625115501263,0.8193204450247293,success,,temporal,1.5,3,10579
primary,polar_session_2026-02-04_09-57-46,run_06,polar_session_2026-02-04_09-57-46::run_06,2026-02-04 03:23:05.921000+00:00,2026-02-04 03:31:58.859000+00:00,1,534,532.938,530.147216796875,13.175261653218236,50.0,-3.021569299154972,3570.970345082438,533,102.03564727954972,25070.0,6.3,0.7829783784993324,0.8556625115501263,0.8193204450247293,success,,temporal,1.5,4,10680
primary,polar_session_2026-02-04_09-57-46,run_06,polar_session_2026-02-04_09-57-46::run_06,2026-02-04 03:23:05.921000+00:00,2026-02-04 03:31:58.859000+00:00,1,534,532.938,530.147216796875,12.202277304125294,50.0,-2.9359784953149086,3570.970345082438,533,102.03564727954972,25070.0,6.3,0.7829783784993324,0.8556625115501263,0.8193204450247293,success,,temporal,1.5,5,10781
primary,polar_session_2026-02-04_09-57-46,run_07,polar_session_2026-02-04_09-57-46::run_07,2026-02-04 03:41:19.287000+00:00,2026-02-04 03:48:19.205000+00:00,1,421,419.918,493.658137863192,7.171473832985707,19.310604097153092,-1.1322393554449093,3050.4885684640913,420,90.65238095238095,14974.0,2.0333333333333328,0.5673405992179896,-0.3869458587841348,0.09019737021692742,success,,elevation,2.0,1,11342
primary,polar_session_2026-02-04_09-57-46,run_07,polar_session_2026-02-04_09-57-46::run_07,2026-02-04 03:41:19.287000+00:00,2026-02-04 03:48:19.205000+00:00,1,421,419.918,489.18966518499883,7.171473832985707,19.310604097153092,-1.1596569874686917,3050.4885684640913,420,90.65238095238095,14974.0,2.0333333333333328,0.5409334781488015,-0.3869458587841348,0.07699380968233338,success,,elevation,2.0,2,11443
primary,polar_session_2026-02-04_09-57-46,run_07,polar_session_2026-02-04_09-57-46::run_07,2026-02-04 03:41:19.287000+00:00,2026-02-04 03:48:19.205000+00:00,1,421,419.918,486.9221601472741,7.171473832985707,19.310604097153092,-1.1589511346782013,3050.4885684640913,420,90.65238095238095,14974.0,2.0333333333333328,0.5275333111636914,-0.3869458587841348,0.0702937261897783,success,,elevation,2.0,3,11544
primary,polar_session_2026-02-04_09-57-46,run_07,polar_session_2026-02-04_09-57-46::run_07,2026-02-04 03:41:19.287000+00:00,2026-02-04 03:48:19.205000+00:00,1,421,419.918,488.7126403173777,7.171473832985707,19.310604097153092,-1.2770624786794982,3050.4885684640913,420,90.65238095238095,14974.0,2.0333333333333328,0.5381144269115054,-0.3869458587841348,0.07558428406368528,success,,elevation,2.0,4,11645
primary,polar_session_2026-02-04_09-57-46,run_07,polar_session_2026-02-04_09-57-46::run_07,2026-02-04 03:41:19.287000+00:00,2026-02-04 03:48:19.205000+00:00,1,421,419.918,489.38863230836387,7.171473832985707,19.310604097153092,-1.1968854672278304,3050.4885684640913,420,90.65238095238095,14974.0,2.0333333333333328,0.5421093047217445,-0.3869458587841348,0.07758172296880483,success,,elevation,2.0,5,11746
primary,polar_session_2026-02-04_09-57-46,run_07,polar_session_2026-02-04_09-57-46::run_07,2026-02-04 03:41:19.287000+00:00,2026-02-04 03:48:19.205000+00:00,1,421,419.918,487.18957220269,7.171473832985707,19.310604097153092,-1.4987791783580335,3050.4885684640913,420,90.65238095238095,14974.0,2.0333333333333328,0.5291136235055771,-0.3869458587841348,0.07108388236072116,success,,elevation,5.0,1,11347
primary,polar_session_2026-02-04_09-57-46,run_07,polar_session_2026-02-04_09-57-46::run_07,2026-02-04 03:41:19.287000+00:00,2026-02-04 03:48:19.205000+00:00,1,421,419.918,489.897538846692,7.171473832985707,19.310604097153092,-1.276055277957018,3050.4885684640913,420,90.65238095238095,14974.0,2.0333333333333328,0.5451167655564307,-0.3869458587841348,0.07908545338614797,success,,elevation,5.0,2,11448
primary,polar_session_2026-02-04_09-57-46,run_07,polar_session_2026-02-04_09-57-46::run_07,2026-02-04 03:41:19.287000+00:00,2026-02-04 03:48:19.205000+00:00,1,421,419.918,491.1116628104139,7.171473832985707,19.310604097153092,-0.9460633116503818,3050.4885684640913,420,90.65238095238095,14974.0,2.0333333333333328,0.55229181636506,-0.3869458587841348,0.08267297879046259,success,,elevation,5.0,3,11549
primary,polar_session_2026-02-04_09-57-46,run_07,polar_session_2026-02-04_09-57-46::run_07,2026-02-04 03:41:19.287000+00:00,2026-02-04 03:48:19.205000+00:00,1,421,419.918,488.02410687250085,7.171473832985707,19.310604097153092,-1.0369081672730605,3050.4885684640913,420,90.65238095238095,14974.0,2.0333333333333328,0.5340454334659865,-0.3869458587841348,0.07354978734092588,success,,elevation,5.0,4,11650
primary,polar_session_2026-02-04_09-57-46,run_07,polar_session_2026-02-04_09-57-46::run_07,2026-02-04 03:41:19.287000+00:00,2026-02-04 03:48:19.205000+00:00,1,421,419.918,489.6021408881138,7.171473832985707,19.310604097153092,-1.439646151684693,3050.4885684640913,420,90.65238095238095,14974.0,2.0333333333333328,0.5433710662498572,-0.3869458587841348,0.07821260373286121,success,,elevation,5.0,5,11751
primary,polar_session_2026-02-04_09-57-46,run_07,polar_session_2026-02-04_09-57-46::run_07,2026-02-04 03:41:19.287000+00:00,2026-02-04 03:48:19.205000+00:00,1,421,419.918,487.80126953125,9.4621055128997,21.67860431657276,-1.1468624983062208,3845.1199832970533,420,90.65238095238095,14974.0,2.0333333333333328,0.532728542198448,-0.3869458587841348,0.07289134170715661,success,,position,2.0,1,11352
primary,polar_session_2026-02-04_09-57-46,run_07,polar_session_2026-02-04_09-57-46::run_07,2026-02-04 03:41:19.287000+00:00,2026-02-04 03:48:19.205000+00:00,1,421,419.918,487.80126953125,9.47058323206571,21.061145424405368,-1.1471177460903406,3846.734320424724,420,90.65238095238095,14974.0,2.0333333333333328,0.532728542198448,-0.3869458587841348,0.07289134170715661,success,,position,2.0,2,11453
primary,polar_session_2026-02-04_09-57-46,run_07,polar_session_2026-02-04_09-57-46::run_07,2026-02-04 03:41:19.287000+00:00,2026-02-04 03:48:19.205000+00:00,1,421,419.918,487.80126953125,9.365980751487063,21.109929174301755,-1.1471704525536564,3798.3005805168627,420,90.65238095238095,14974.0,2.0333333333333328,0.532728542198448,-0.3869458587841348,0.07289134170715661,success,,position,2.0,3,11554
primary,polar_session_2026-02-04_09-57-46,run_07,polar_session_2026-02-04_09-57-46::run_07,2026-02-04 03:41:19.287000+00:00,2026-02-04 03:48:19.205000+00:00,1,421,419.918,487.80126953125,9.477680754266636,21.511017675207857,-1.146925659532126,3873.3167112699216,420,90.65238095238095,14974.0,2.0333333333333328,0.532728542198448,-0.3869458587841348,0.07289134170715661,success,,position,2.0,4,11655
primary,polar_session_2026-02-04_09-57-46,run_07,polar_session_2026-02-04_09-57-46::run_07,2026-02-04 03:41:19.287000+00:00,2026-02-04 03:48:19.205000+00:00,1,421,419.918,487.80126953125,9.341253757342322,22.080726846279916,-1.205913839313081,3788.2754197578606,420,90.65238095238095,14974.0,2.0333333333333328,0.532728542198448,-0.3869458587841348,0.07289134170715661,success,,position,2.0,5,11756
primary,polar_session_2026-02-04_09-57-46,run_07,polar_session_2026-02-04_09-57-46::run_07,2026-02-04 03:41:19.287000+00:00,2026-02-04 03:48:19.205000+00:00,1,421,419.918,487.80126953125,13.224560231904153,26.684446145547852,-1.1473352792630422,5441.4365409986385,420,90.65238095238095,14974.0,2.0333333333333328,0.532728542198448,-0.3869458587841348,0.07289134170715661,success,,position,5.0,1,11357
primary,polar_session_2026-02-04_09-57-46,run_07,polar_session_2026-02-04_09-57-46::run_07,2026-02-04 03:41:19.287000+00:00,2026-02-04 03:48:19.205000+00:00,1,421,419.918,487.80126953125,13.06941419324726,27.2497511658349,-1.147020008188819,5409.144338734019,420,90.65238095238095,14974.0,2.0333333333333328,0.532728542198448,-0.3869458587841348,0.07289134170715661,success,,position,5.0,2,11458
primary,polar_session_2026-02-04_09-57-46,run_07,polar_session_2026-02-04_09-57-46::run_07,2026-02-04 03:41:19.287000+00:00,2026-02-04 03:48:19.205000+00:00,1,421,419.918,487.80126953125,12.642162640814382,27.032635989102978,-1.1636736312794511,5216.014100137914,420,90.65238095238095,14974.0,2.0333333333333328,0.532728542198448,-0.3869458587841348,0.07289134170715661,success,,position,5.0,3,11559
primary,polar_session_2026-02-04_09-57-46,run_07,polar_session_2026-02-04_09-57-46::run_07,2026-02-04 03:41:19.287000+00:00,2026-02-04 03:48:19.205000+00:00,1,421,419.918,499.4765625,12.704276701147398,26.70410374429601,-1.1754416332484232,5230.633768675252,420,90.65238095238095,14974.0,2.0333333333333328,0.6017254673555886,-0.3869458587841348,0.10738980428572692,success,,position,5.0,4,11660
primary,polar_session_2026-02-04_09-57-46,run_07,polar_session_2026-02-04_09-57-46::run_07,2026-02-04 03:41:19.287000+00:00,2026-02-04 03:48:19.205000+00:00,1,421,419.918,487.80126953125,12.752194920093965,28.2085417145408,-1.7826339406559644,5241.070785490669,420,90.65238095238095,14974.0,2.0333333333333328,0.532728542198448,-0.3869458587841348,0.07289134170715661,success,,position,5.0,5,11761
primary,polar_session_2026-02-04_09-57-46,run_07,polar_session_2026-02-04_09-57-46::run_07,2026-02-04 03:41:19.287000+00:00,2026-02-04 03:48:19.205000+00:00,1,211,419.918,487.80126953125,7.280444563898683,12.508267211273623,-1.1468901848503743,3043.229265634769,420,90.65238095238095,14974.0,2.0333333333333328,0.532728542198448,-0.3869458587841348,0.07289134170715661,success,,sampling,2.0,1,11362
primary,polar_session_2026-02-04_09-57-46,run_07,polar_session_2026-02-04_09-57-46::run_07,2026-02-04 03:41:19.287000+00:00,2026-02-04 03:48:19.205000+00:00,1,211,419.918,487.80126953125,7.280444563898683,12.508267211273623,-1.1468901848503743,3043.229265634769,420,90.65238095238095,14974.0,2.0333333333333328,0.532728542198448,-0.3869458587841348,0.07289134170715661,success,,sampling,2.0,2,11463
primary,polar_session_2026-02-04_09-57-46,run_07,polar_session_2026-02-04_09-57-46::run_07,2026-02-04 03:41:19.287000+00:00,2026-02-04 03:48:19.205000+00:00,1,211,419.918,487.80126953125,7.280444563898683,12.508267211273623,-1.1468901848503743,3043.229265634769,420,90.65238095238095,14974.0,2.0333333333333328,0.532728542198448,-0.3869458587841348,0.07289134170715661,success,,sampling,2.0,3,11564
primary,polar_session_2026-02-04_09-57-46,run_07,polar_session_2026-02-04_09-57-46::run_07,2026-02-04 03:41:19.287000+00:00,2026-02-04 03:48:19.205000+00:00,1,211,419.918,487.80126953125,7.280444563898683,12.508267211273623,-1.1468901848503743,3043.229265634769,420,90.65238095238095,14974.0,2.0333333333333328,0.532728542198448,-0.3869458587841348,0.07289134170715661,success,,sampling,2.0,4,11665
primary,polar_session_2026-02-04_09-57-46,run_07,polar_session_2026-02-04_09-57-46::run_07,2026-02-04 03:41:19.287000+00:00,2026-02-04 03:48:19.205000+00:00,1,211,419.918,487.80126953125,7.280444563898683,12.508267211273623,-1.1468901848503743,3043.229265634769,420,90.65238095238095,14974.0,2.0333333333333328,0.532728542198448,-0.3869458587841348,0.07289134170715661,success,,sampling,2.0,5,11766
primary,polar_session_2026-02-04_09-57-46,run_07,polar_session_2026-02-04_09-57-46::run_07,2026-02-04 03:41:19.287000+00:00,2026-02-04 03:48:19.205000+00:00,1,141,419.918,487.80126953125,7.043032788954018,11.667632218490137,-1.1431762488020238,2979.278685962979,420,90.65238095238095,14974.0,2.0333333333333328,0.532728542198448,-0.3869458587841348,0.07289134170715661,success,,sampling,3.0,1,11367
primary,polar_session_2026-02-04_09-57-46,run_07,polar_session_2026-02-04_09-57-46::run_07,2026-02-04 03:41:19.287000+00:00,2026-02-04 03:48:19.205000+00:00,1,141,419.918,487.80126953125,7.043032788954018,11.667632218490137,-1.1431762488020238,2979.278685962979,420,90.65238095238095,14974.0,2.0333333333333328,0.532728542198448,-0.3869458587841348,0.07289134170715661,success,,sampling,3.0,2,11468
primary,polar_session_2026-02-04_09-57-46,run_07,polar_session_2026-02-04_09-57-46::run_07,2026-02-04 03:41:19.287000+00:00,2026-02-04 03:48:19.205000+00:00,1,141,419.918,487.80126953125,7.043032788954018,11.667632218490137,-1.1431762488020238,2979.278685962979,420,90.65238095238095,14974.0,2.0333333333333328,0.532728542198448,-0.3869458587841348,0.07289134170715661,success,,sampling,3.0,3,11569
primary,polar_session_2026-02-04_09-57-46,run_07,polar_session_2026-02-04_09-57-46::run_07,2026-02-04 03:41:19.287000+00:00,2026-02-04 03:48:19.205000+00:00,1,141,419.918,487.80126953125,7.043032788954018,11.667632218490137,-1.1431762488020238,2979.278685962979,420,90.65238095238095,14974.0,2.0333333333333328,0.532728542198448,-0.3869458587841348,0.07289134170715661,success,,sampling,3.0,4,11670
primary,polar_session_2026-02-04_09-57-46,run_07,polar_session_2026-02-04_09-57-46::run_07,2026-02-04 03:41:19.287000+00:00,2026-02-04 03:48:19.205000+00:00,1,141,419.918,487.80126953125,7.043032788954018,11.667632218490137,-1.1431762488020238,2979.278685962979,420,90.65238095238095,14974.0,2.0333333333333328,0.532728542198448,-0.3869458587841348,0.07289134170715661,success,,sampling,3.0,5,11771
primary,polar_session_2026-02-04_09-57-46,run_07,polar_session_2026-02-04_09-57-46::run_07,2026-02-04 03:41:19.287000+00:00,2026-02-04 03:48:19.205000+00:00,1,421,419.918,487.80126953125,10.703083087882861,50.0,-2.336135252488778,3050.4885684640913,420,90.65238095238095,14974.0,2.0333333333333328,0.532728542198448,-0.3869458587841348,0.07289134170715661,success,,temporal,0.75,1,11372
primary,polar_session_2026-02-04_09-57-46,run_07,polar_session_2026-02-04_09-57-46::run_07,2026-02-04 03:41:19.287000+00:00,2026-02-04 03:48:19.205000+00:00,1,421,419.918,487.80126953125,10.965303839883664,50.0,-2.3293002589602336,3050.4885684640913,420,90.65238095238095,14974.0,2.0333333333333328,0.532728542198448,-0.3869458587841348,0.07289134170715661,success,,temporal,0.75,2,11473
primary,polar_session_2026-02-04_09-57-46,run_07,polar_session_2026-02-04_09-57-46::run_07,2026-02-04 03:41:19.287000+00:00,2026-02-04 03:48:19.205000+00:00,1,421,419.918,487.80126953125,10.869569593898035,50.0,-2.4599793656947404,3050.4885684640913,420,90.65238095238095,14974.0,2.0333333333333328,0.532728542198448,-0.3869458587841348,0.07289134170715661,success,,temporal,0.75,3,11574
primary,polar_session_2026-02-04_09-57-46,run_07,polar_session_2026-02-04_09-57-46::run_07,2026-02-04 03:41:19.287000+00:00,2026-02-04 03:48:19.205000+00:00,1,421,419.918,487.80126953125,10.39130278788684,50.0,-1.725096616451535,3050.4885684640913,420,90.65238095238095,14974.0,2.0333333333333328,0.532728542198448,-0.3869458587841348,0.07289134170715661,success,,temporal,0.75,4,11675
primary,polar_session_2026-02-04_09-57-46,run_07,polar_session_2026-02-04_09-57-46::run_07,2026-02-04 03:41:19.287000+00:00,2026-02-04 03:48:19.205000+00:00,1,421,419.918,487.80126953125,10.835028994713365,50.0,-2.023008843816601,3050.4885684640913,420,90.65238095238095,14974.0,2.0333333333333328,0.532728542198448,-0.3869458587841348,0.07289134170715661,success,,temporal,0.75,5,11776
primary,polar_session_2026-02-04_09-57-46,run_07,polar_session_2026-02-04_09-57-46::run_07,2026-02-04 03:41:19.287000+00:00,2026-02-04 03:48:19.205000+00:00,1,421,419.918,487.80126953125,12.948446036476788,50.0,-3.609932418369935,3050.4885684640913,420,90.65238095238095,14974.0,2.0333333333333328,0.532728542198448,-0.3869458587841348,0.07289134170715661,success,,temporal,1.5,1,11377
primary,polar_session_2026-02-04_09-57-46,run_07,polar_session_2026-02-04_09-57-46::run_07,2026-02-04 03:41:19.287000+00:00,2026-02-04 03:48:19.205000+00:00,1,421,419.918,487.80126953125,12.31988545888308,50.0,-2.8380643327369257,3050.4885684640913,420,90.65238095238095,14974.0,2.0333333333333328,0.532728542198448,-0.3869458587841348,0.07289134170715661,success,,temporal,1.5,2,11478
primary,polar_session_2026-02-04_09-57-46,run_07,polar_session_2026-02-04_09-57-46::run_07,2026-02-04 03:41:19.287000+00:00,2026-02-04 03:48:19.205000+00:00,1,421,419.918,487.80126953125,13.203686099273932,50.0,-3.1976063733304727,3050.4885684640913,420,90.65238095238095,14974.0,2.0333333333333328,0.532728542198448,-0.3869458587841348,0.07289134170715661,success,,temporal,1.5,3,11579
primary,polar_session_2026-02-04_09-57-46,run_07,polar_session_2026-02-04_09-57-46::run_07,2026-02-04 03:41:19.287000+00:00,2026-02-04 03:48:19.205000+00:00,1,421,419.918,487.80126953125,14.134235553243794,50.0,-3.3803233699137327,3050.4885684640913,420,90.65238095238095,14974.0,2.0333333333333328,0.532728542198448,-0.3869458587841348,0.07289134170715661,success,,temporal,1.5,4,11680
primary,polar_session_2026-02-04_09-57-46,run_07,polar_session_2026-02-04_09-57-46::run_07,2026-02-04 03:41:19.287000+00:00,2026-02-04 03:48:19.205000+00:00,1,421,419.918,487.80126953125,12.527878395457385,50.0,-3.1808972307563073,3050.4885684640913,420,90.65238095238095,14974.0,2.0333333333333328,0.532728542198448,-0.3869458587841348,0.07289134170715661,success,,temporal,1.5,5,11781
