run_id,run_uid,session_label,subset_name,perturbation_type,perturbation_level,perturbation_level_label,repeat_id,seed,top_k_used,pipeline_status,failure_reason,baseline_duration_s,baseline_vertical_drop_m,baseline_impulse_hr_above_rest_bpms,baseline_combined_load_v2,perturbed_duration_s,perturbed_vertical_drop_m,perturbed_impulse_hr_above_rest_bpms,perturbed_combined_load_v2,segmentation_stability,matched_duration_fraction,boundary_shift_start_s,boundary_shift_end_s,boundary_shift_mean_s,vertical_drop_error_m,vertical_drop_abs_error_m,cl_alpha_deviation,cl_alpha_abs_deviation,top_k_consistency,rank_spearman,mean_absolute_rank_shift,run_rank_shift_abs,phase_contrast_deviation,phase_contrast_abs_deviation,meta_n_points_after_perturbation
run_05,polar_session_2026-02-03_09-55-13::run_05,polar_session_2026-02-03_09-55-13,primary,elevation,2.0,low,1,4342,3,success,,249.3159999999998,329.0059814453125,15740.0,-0.3491817871617605,249.316,328.541164686166,15740.0,-0.35055523994056687,1.0,1.0,0.0,0.0,0.0,-0.4648167591465153,0.4648167591465153,-0.00137345277880635,0.00137345277880635,1.0,1.0,0.0,0.0,0.0004578175929355055,0.0004578175929355055,250
run_05,polar_session_2026-02-03_09-55-13::run_05,polar_session_2026-02-03_09-55-13,primary,elevation,2.0,low,2,4443,3,success,,249.3159999999998,329.0059814453125,15740.0,-0.3491817871617605,249.316,325.2858946714125,15740.0,-0.36017399735313893,1.0,1.0,0.0,0.0,0.0,-3.720086773899993,3.720086773899993,-0.010992210191378415,0.010992210191378415,1.0,1.0,0.0,0.0,0.003664070063792768,0.003664070063792768,250
run_05,polar_session_2026-02-03_09-55-13::run_05,polar_session_2026-02-03_09-55-13,primary,elevation,2.0,low,3,4544,3,success,,249.3159999999998,329.0059814453125,15740.0,-0.3491817871617605,249.316,328.0642219160907,15740.0,-0.3519645229752284,1.0,1.0,0.0,0.0,0.0,-0.9417595292218266,0.9417595292218266,-0.002782735813467885,0.002782735813467885,1.0,1.0,0.0,0.0,0.0009275786044893319,0.0009275786044893319,250
run_05,polar_session_2026-02-03_09-55-13::run_05,polar_session_2026-02-03_09-55-13,primary,elevation,2.0,low,4,4645,3,success,,249.3159999999998,329.0059814453125,15740.0,-0.3491817871617605,249.316,326.93148819881094,15740.0,-0.3553115543398079,1.0,1.0,0.0,0.0,0.0,-2.074493246501561,2.074493246501561,-0.006129767178047363,0.006129767178047363,1.0,1.0,0.0,0.0,0.0020432557260158246,0.0020432557260158246,250
run_05,polar_session_2026-02-03_09-55-13::run_05,polar_session_2026-02-03_09-55-13,primary,elevation,2.0,low,5,4746,3,success,,249.3159999999998,329.0059814453125,15740.0,-0.3491817871617605,249.316,328.1296771369482,15740.0,-0.3517711141679831,1.0,1.0,0.0,0.0,0.0,-0.876304308364297,0.876304308364297,-0.002589327006222608,0.002589327006222608,1.0,1.0,0.0,0.0,0.0008631090020742027,0.0008631090020742027,250
run_05,polar_session_2026-02-03_09-55-13::run_05,polar_session_2026-02-03_09-55-13,primary,elevation,5.0,medium,1,4347,3,success,,249.3159999999998,329.0059814453125,15740.0,-0.3491817871617605,249.316,331.93194219772704,15740.0,-0.3405360814142716,1.0,1.0,0.0,0.0,0.0,2.9259607524145395,2.9259607524145395,0.008645705747488908,0.008645705747488908,1.0,1.0,0.0,0.0,-0.002881901915829599,0.002881901915829599,250
run_05,polar_session_2026-02-03_09-55-13::run_05,polar_session_2026-02-03_09-55-13,primary,elevation,5.0,medium,2,4448,3,success,,249.3159999999998,329.0059814453125,15740.0,-0.3491817871617605,249.316,324.44963433342446,15740.0,-0.3626450013830372,1.0,1.0,0.0,0.0,0.0,-4.556347111888044,4.556347111888044,-0.013463214221276665,0.013463214221276665,1.0,1.0,0.0,0.0,0.004487738073758907,0.004487738073758907,250
run_05,polar_session_2026-02-03_09-55-13::run_05,polar_session_2026-02-03_09-55-13,primary,elevation,5.0,medium,3,4549,3,success,,249.3159999999998,329.0059814453125,15740.0,-0.3491817871617605,249.316,326.99312569488006,15740.0,-0.35512942624612587,1.0,1.0,0.0,0.0,0.0,-2.0128557504324363,2.0128557504324363,-0.005947639084365353,0.005947639084365353,1.0,1.0,0.0,0.0,0.0019825463614551175,0.0019825463614551175,250
run_05,polar_session_2026-02-03_09-55-13::run_05,polar_session_2026-02-03_09-55-13,primary,elevation,5.0,medium,4,4650,3,success,,249.3159999999998,329.0059814453125,15740.0,-0.3491817871617605,249.316,330.48922770604986,15740.0,-0.34479905211966666,1.0,1.0,0.0,0.0,0.0,1.48324626073736,1.48324626073736,0.004382735042093855,0.004382735042093855,1.0,1.0,0.0,0.0,-0.0014609116806979516,0.0014609116806979516,250
run_05,polar_session_2026-02-03_09-55-13::run_05,polar_session_2026-02-03_09-55-13,primary,elevation,5.0,medium,5,4751,3,success,,249.3159999999998,329.0059814453125,15740.0,-0.3491817871617605,249.316,325.2026542238186,15740.0,-0.3604199584158744,1.0,1.0,0.0,0.0,0.0,-3.8033272214938734,3.8033272214938734,-0.01123817125411386,0.01123817125411386,1.0,1.0,0.0,0.0,0.003746057084704657,0.003746057084704657,250
run_05,polar_session_2026-02-03_09-55-13::run_05,polar_session_2026-02-03_09-55-13,primary,position,2.0,low,1,4352,3,success,,249.3159999999998,329.0059814453125,15740.0,-0.3491817871617605,249.316,327.3428955078125,15740.0,-0.3540959172082918,1.0,1.0,0.0,0.0,0.0,-1.6630859375,1.6630859375,-0.004914130046531295,0.004914130046531295,1.0,1.0,0.0,0.0,0.0016380433488437651,0.0016380433488437651,250
run_05,polar_session_2026-02-03_09-55-13::run_05,polar_session_2026-02-03_09-55-13,primary,position,2.0,low,2,4453,3,success,,249.3159999999998,329.0059814453125,15740.0,-0.3491817871617605,249.316,327.3428955078125,15740.0,-0.3540959172082918,1.0,1.0,0.0,0.0,0.0,-1.6630859375,1.6630859375,-0.004914130046531295,0.004914130046531295,1.0,1.0,0.0,0.0,0.0016380433488437651,0.0016380433488437651,250
run_05,polar_session_2026-02-03_09-55-13::run_05,polar_session_2026-02-03_09-55-13,primary,position,2.0,low,3,4554,3,success,,249.3159999999998,329.0059814453125,15740.0,-0.3491817871617605,249.316,327.3428955078125,15740.0,-0.3540959172082918,1.0,1.0,0.0,0.0,0.0,-1.6630859375,1.6630859375,-0.004914130046531295,0.004914130046531295,1.0,1.0,0.0,0.0,0.0016380433488437651,0.0016380433488437651,250
run_05,polar_session_2026-02-03_09-55-13::run_05,polar_session_2026-02-03_09-55-13,primary,position,2.0,low,4,4655,3,success,,249.3159999999998,329.0059814453125,15740.0,-0.3491817871617605,249.316,327.3428955078125,15740.0,-0.3540959172082918,1.0,1.0,0.0,0.0,0.0,-1.6630859375,1.6630859375,-0.004914130046531295,0.004914130046531295,1.0,1.0,0.0,0.0,0.0016380433488437651,0.0016380433488437651,250
run_05,polar_session_2026-02-03_09-55-13::run_05,polar_session_2026-02-03_09-55-13,primary,position,2.0,low,5,4756,3,success,,249.3159999999998,329.0059814453125,15740.0,-0.3491817871617605,249.316,327.3428955078125,15740.0,-0.3540959172082918,1.0,1.0,0.0,0.0,0.0,-1.6630859375,1.6630859375,-0.004914130046531295,0.004914130046531295,1.0,1.0,0.0,0.0,0.0016380433488437651,0.0016380433488437651,250
run_05,polar_session_2026-02-03_09-55-13::run_05,polar_session_2026-02-03_09-55-13,primary,position,5.0,medium,1,4357,3,success,,249.3159999999998,329.0059814453125,15740.0,-0.3491817871617605,249.316,327.3428955078125,15740.0,-0.3540959172082918,1.0,1.0,0.0,0.0,0.0,-1.6630859375,1.6630859375,-0.004914130046531295,0.004914130046531295,1.0,1.0,0.0,0.0,0.0016380433488437651,0.0016380433488437651,250
run_05,polar_session_2026-02-03_09-55-13::run_05,polar_session_2026-02-03_09-55-13,primary,position,5.0,medium,2,4458,3,success,,249.3159999999998,329.0059814453125,15740.0,-0.3491817871617605,249.316,330.1943359375,15740.0,-0.3456704060693513,1.0,1.0,0.0,0.0,0.0,1.1883544921875,1.1883544921875,0.003511381092409227,0.003511381092409227,1.0,1.0,0.0,0.0,-0.001170460364136372,0.001170460364136372,250
run_05,polar_session_2026-02-03_09-55-13::run_05,polar_session_2026-02-03_09-55-13,primary,position,5.0,medium,3,4559,3,success,,249.3159999999998,329.0059814453125,15740.0,-0.3491817871617605,249.316,333.072998046875,15740.0,-0.33716445959567976,1.0,1.0,0.0,0.0,0.0,4.0670166015625,4.0670166015625,0.01201732756608076,0.01201732756608076,1.0,1.0,0.0,0.0,-0.004005775855360216,0.004005775855360216,250
run_05,polar_session_2026-02-03_09-55-13::run_05,polar_session_2026-02-03_09-55-13,primary,position,5.0,medium,4,4660,3,success,,249.3159999999998,329.0059814453125,15740.0,-0.3491817871617605,249.316,327.3428955078125,15740.0,-0.3540959172082918,1.0,1.0,0.0,0.0,0.0,-1.6630859375,1.6630859375,-0.004914130046531295,0.004914130046531295,1.0,1.0,0.0,0.0,0.0016380433488437651,0.0016380433488437651,250
run_05,polar_session_2026-02-03_09-55-13::run_05,polar_session_2026-02-03_09-55-13,primary,position,5.0,medium,5,4761,3,success,,249.3159999999998,329.0059814453125,15740.0,-0.3491817871617605,249.316,331.1917724609375,15740.0,-0.34272315440976475,1.0,1.0,0.0,0.0,0.0,2.185791015625,2.185791015625,0.006458632751995763,0.006458632751995763,1.0,1.0,0.0,0.0,-0.0021528775839985137,0.0021528775839985137,250
run_05,polar_session_2026-02-03_09-55-13::run_05,polar_session_2026-02-03_09-55-13,primary,sampling,2.0,low,1,4362,3,success,,249.3159999999998,329.0059814453125,15740.0,-0.3491817871617605,248.301,326.245361328125,15693.0,-0.3602313030395087,0.9959288613646937,0.9959288613646937,0.0,1.0150000000000001,0.5075000000000001,-2.7606201171875,2.7606201171875,-0.011049515877748162,0.011049515877748162,1.0,1.0,0.0,0.0,0.0036831719592494983,0.0036831719592494983,125
run_05,polar_session_2026-02-03_09-55-13::run_05,polar_session_2026-02-03_09-55-13,primary,sampling,2.0,low,2,4463,3,success,,249.3159999999998,329.0059814453125,15740.0,-0.3491817871617605,248.301,326.245361328125,15693.0,-0.3602313030395087,0.9959288613646937,0.9959288613646937,0.0,1.0150000000000001,0.5075000000000001,-2.7606201171875,2.7606201171875,-0.011049515877748162,0.011049515877748162,1.0,1.0,0.0,0.0,0.0036831719592494983,0.0036831719592494983,125
run_05,polar_session_2026-02-03_09-55-13::run_05,polar_session_2026-02-03_09-55-13,primary,sampling,2.0,low,3,4564,3,success,,249.3159999999998,329.0059814453125,15740.0,-0.3491817871617605,248.301,326.245361328125,15693.0,-0.3602313030395087,0.9959288613646937,0.9959288613646937,0.0,1.0150000000000001,0.5075000000000001,-2.7606201171875,2.7606201171875,-0.011049515877748162,0.011049515877748162,1.0,1.0,0.0,0.0,0.0036831719592494983,0.0036831719592494983,125
run_05,polar_session_2026-02-03_09-55-13::run_05,polar_session_2026-02-03_09-55-13,primary,sampling,2.0,low,4,4665,3,success,,249.3159999999998,329.0059814453125,15740.0,-0.3491817871617605,248.301,326.245361328125,15693.0,-0.3602313030395087,0.9959288613646937,0.9959288613646937,0.0,1.0150000000000001,0.5075000000000001,-2.7606201171875,2.7606201171875,-0.011049515877748162,0.011049515877748162,1.0,1.0,0.0,0.0,0.0036831719592494983,0.0036831719592494983,125
run_05,polar_session_2026-02-03_09-55-13::run_05,polar_session_2026-02-03_09-55-13,primary,sampling,2.0,low,5,4766,3,success,,249.3159999999998,329.0059814453125,15740.0,-0.3491817871617605,248.301,326.245361328125,15693.0,-0.3602313030395087,0.9959288613646937,0.9959288613646937,0.0,1.0150000000000001,0.5075000000000001,-2.7606201171875,2.7606201171875,-0.011049515877748162,0.011049515877748162,1.0,1.0,0.0,0.0,0.0036831719592494983,0.0036831719592494983,125
run_05,polar_session_2026-02-03_09-55-13::run_05,polar_session_2026-02-03_09-55-13,primary,sampling,3.0,medium,1,4367,3,success,,249.3159999999998,329.0059814453125,15740.0,-0.3491817871617605,249.316,326.245361328125,15740.0,-0.3573389400538851,1.0,1.0,0.0,0.0,0.0,-2.7606201171875,2.7606201171875,-0.008157152892124597,0.008157152892124597,1.0,1.0,0.0,0.0,0.0027190509640415694,0.0027190509640415694,84
run_05,polar_session_2026-02-03_09-55-13::run_05,polar_session_2026-02-03_09-55-13,primary,sampling,3.0,medium,2,4468,3,success,,249.3159999999998,329.0059814453125,15740.0,-0.3491817871617605,249.316,326.245361328125,15740.0,-0.3573389400538851,1.0,1.0,0.0,0.0,0.0,-2.7606201171875,2.7606201171875,-0.008157152892124597,0.008157152892124597,1.0,1.0,0.0,0.0,0.0027190509640415694,0.0027190509640415694,84
run_05,polar_session_2026-02-03_09-55-13::run_05,polar_session_2026-02-03_09-55-13,primary,sampling,3.0,medium,3,4569,3,success,,249.3159999999998,329.0059814453125,15740.0,-0.3491817871617605,249.316,326.245361328125,15740.0,-0.3573389400538851,1.0,1.0,0.0,0.0,0.0,-2.7606201171875,2.7606201171875,-0.008157152892124597,0.008157152892124597,1.0,1.0,0.0,0.0,0.0027190509640415694,0.0027190509640415694,84
run_05,polar_session_2026-02-03_09-55-13::run_05,polar_session_2026-02-03_09-55-13,primary,sampling,3.0,medium,4,4670,3,success,,249.3159999999998,329.0059814453125,15740.0,-0.3491817871617605,249.316,326.245361328125,15740.0,-0.3573389400538851,1.0,1.0,0.0,0.0,0.0,-2.7606201171875,2.7606201171875,-0.008157152892124597,0.008157152892124597,1.0,1.0,0.0,0.0,0.0027190509640415694,0.0027190509640415694,84
run_05,polar_session_2026-02-03_09-55-13::run_05,polar_session_2026-02-03_09-55-13,primary,sampling,3.0,medium,5,4771,3,success,,249.3159999999998,329.0059814453125,15740.0,-0.3491817871617605,249.316,326.245361328125,15740.0,-0.3573389400538851,1.0,1.0,0.0,0.0,0.0,-2.7606201171875,2.7606201171875,-0.008157152892124597,0.008157152892124597,1.0,1.0,0.0,0.0,0.0027190509640415694,0.0027190509640415694,84
run_05,polar_session_2026-02-03_09-55-13::run_05,polar_session_2026-02-03_09-55-13,primary,temporal,0.75,low,1,4372,3,success,,249.3159999999998,329.0059814453125,15740.0,-0.3491817871617605,249.316,327.3428955078125,15740.0,-0.3540959172082918,1.0,1.0,0.0,0.0,0.0,-1.6630859375,1.6630859375,-0.004914130046531295,0.004914130046531295,1.0,1.0,0.0,0.0,0.0016380433488437651,0.0016380433488437651,250
run_05,polar_session_2026-02-03_09-55-13::run_05,polar_session_2026-02-03_09-55-13,primary,temporal,0.75,low,2,4473,3,success,,249.3159999999998,329.0059814453125,15740.0,-0.3491817871617605,249.316,327.3428955078125,15740.0,-0.3540959172082918,1.0,1.0,0.0,0.0,0.0,-1.6630859375,1.6630859375,-0.004914130046531295,0.004914130046531295,1.0,1.0,0.0,0.0,0.0016380433488437651,0.0016380433488437651,250
run_05,polar_session_2026-02-03_09-55-13::run_05,polar_session_2026-02-03_09-55-13,primary,temporal,0.75,low,3,4574,3,success,,249.3159999999998,329.0059814453125,15740.0,-0.3491817871617605,249.316,327.3428955078125,15740.0,-0.3540959172082918,1.0,1.0,0.0,0.0,0.0,-1.6630859375,1.6630859375,-0.004914130046531295,0.004914130046531295,1.0,1.0,0.0,0.0,0.0016380433488437651,0.0016380433488437651,250
run_05,polar_session_2026-02-03_09-55-13::run_05,polar_session_2026-02-03_09-55-13,primary,temporal,0.75,low,4,4675,3,success,,249.3159999999998,329.0059814453125,15740.0,-0.3491817871617605,249.316,327.3428955078125,15740.0,-0.3540959172082918,1.0,1.0,0.0,0.0,0.0,-1.6630859375,1.6630859375,-0.004914130046531295,0.004914130046531295,1.0,1.0,0.0,0.0,0.0016380433488437651,0.0016380433488437651,250
run_05,polar_session_2026-02-03_09-55-13::run_05,polar_session_2026-02-03_09-55-13,primary,temporal,0.75,low,5,4776,3,success,,249.3159999999998,329.0059814453125,15740.0,-0.3491817871617605,249.316,327.3428955078125,15740.0,-0.3540959172082918,1.0,1.0,0.0,0.0,0.0,-1.6630859375,1.6630859375,-0.004914130046531295,0.004914130046531295,1.0,1.0,0.0,0.0,0.0016380433488437651,0.0016380433488437651,250
run_05,polar_session_2026-02-03_09-55-13::run_05,polar_session_2026-02-03_09-55-13,primary,temporal,1.5,medium,1,4377,3,success,,249.3159999999998,329.0059814453125,15740.0,-0.3491817871617605,249.316,327.3428955078125,15740.0,-0.3540959172082918,1.0,1.0,0.0,0.0,0.0,-1.6630859375,1.6630859375,-0.004914130046531295,0.004914130046531295,1.0,1.0,0.0,0.0,0.0016380433488437651,0.0016380433488437651,250
run_05,polar_session_2026-02-03_09-55-13::run_05,polar_session_2026-02-03_09-55-13,primary,temporal,1.5,medium,2,4478,3,success,,249.3159999999998,329.0059814453125,15740.0,-0.3491817871617605,249.316,327.3428955078125,15740.0,-0.3540959172082918,1.0,1.0,0.0,0.0,0.0,-1.6630859375,1.6630859375,-0.004914130046531295,0.004914130046531295,1.0,1.0,0.0,0.0,0.0016380433488437651,0.0016380433488437651,250
run_05,polar_session_2026-02-03_09-55-13::run_05,polar_session_2026-02-03_09-55-13,primary,temporal,1.5,medium,3,4579,3,success,,249.3159999999998,329.0059814453125,15740.0,-0.3491817871617605,249.316,327.3428955078125,15740.0,-0.3540959172082918,1.0,1.0,0.0,0.0,0.0,-1.6630859375,1.6630859375,-0.004914130046531295,0.004914130046531295,1.0,1.0,0.0,0.0,0.0016380433488437651,0.0016380433488437651,250
run_05,polar_session_2026-02-03_09-55-13::run_05,polar_session_2026-02-03_09-55-13,primary,temporal,1.5,medium,4,4680,3,success,,249.3159999999998,329.0059814453125,15740.0,-0.3491817871617605,249.316,327.3428955078125,15740.0,-0.3540959172082918,1.0,1.0,0.0,0.0,0.0,-1.6630859375,1.6630859375,-0.004914130046531295,0.004914130046531295,1.0,1.0,0.0,0.0,0.0016380433488437651,0.0016380433488437651,250
run_05,polar_session_2026-02-03_09-55-13::run_05,polar_session_2026-02-03_09-55-13,primary,temporal,1.5,medium,5,4781,3,success,,249.3159999999998,329.0059814453125,15740.0,-0.3491817871617605,249.316,327.3428955078125,15740.0,-0.3540959172082918,1.0,1.0,0.0,0.0,0.0,-1.6630859375,1.6630859375,-0.004914130046531295,0.004914130046531295,1.0,1.0,0.0,0.0,0.0016380433488437651,0.0016380433488437651,250
run_06,polar_session_2026-02-03_09-55-13::run_06,polar_session_2026-02-03_09-55-13,primary,elevation,2.0,low,1,5342,3,success,,470.759,533.9923095703125,28148.0,1.0201010319689843,470.759,517.5957582466738,28148.0,0.971652071093211,1.0,1.0,0.0,0.0,0.0,-16.396551323638732,16.396551323638732,-0.04844896087577333,0.04844896087577333,1.0,1.0,0.0,0.0,0.01614965362525783,0.01614965362525783,471
run_06,polar_session_2026-02-03_09-55-13::run_06,polar_session_2026-02-03_09-55-13,primary,elevation,2.0,low,2,5443,3,success,,470.759,533.9923095703125,28148.0,1.0201010319689843,470.759,516.0048848390613,28148.0,0.9669513165282797,1.0,1.0,0.0,0.0,0.0,-17.987424731251167,17.987424731251167,-0.05314971544070457,0.05314971544070457,1.0,1.0,0.0,0.0,0.017716571813568283,0.017716571813568283,471
run_06,polar_session_2026-02-03_09-55-13::run_06,polar_session_2026-02-03_09-55-13,primary,elevation,2.0,low,3,5544,3,success,,470.759,533.9923095703125,28148.0,1.0201010319689843,470.759,517.9606865585711,28148.0,0.9727303708622657,1.0,1.0,0.0,0.0,0.0,-16.03162301174143,16.03162301174143,-0.047370661106718615,0.047370661106718615,1.0,1.0,0.0,0.0,0.015790220368906205,0.015790220368906205,471
run_06,polar_session_2026-02-03_09-55-13::run_06,polar_session_2026-02-03_09-55-13,primary,elevation,2.0,low,4,5645,3,success,,470.759,533.9923095703125,28148.0,1.0201010319689843,470.759,516.562558762038,28148.0,0.9685991460957559,1.0,1.0,0.0,0.0,0.0,-17.429750808274548,17.429750808274548,-0.05150188587322835,0.05150188587322835,1.0,1.0,0.0,0.0,0.01716729529107619,0.01716729529107619,471
run_06,polar_session_2026-02-03_09-55-13::run_06,polar_session_2026-02-03_09-55-13,primary,elevation,2.0,low,5,5746,3,success,,470.759,533.9923095703125,28148.0,1.0201010319689843,470.759,516.6848091713293,28148.0,0.9689603748187903,1.0,1.0,0.0,0.0,0.0,-17.307500398983166,17.307500398983166,-0.051140657150194,0.051140657150194,1.0,1.0,0.0,0.0,0.017046885716731353,0.017046885716731353,471
run_06,polar_session_2026-02-03_09-55-13::run_06,polar_session_2026-02-03_09-55-13,primary,elevation,5.0,medium,1,5347,3,success,,470.759,533.9923095703125,28148.0,1.0201010319689843,470.759,518.5508282736462,28148.0,0.9744741371153323,1.0,1.0,0.0,0.0,0.0,-15.441481296666325,15.441481296666325,-0.04562689485365201,0.04562689485365201,1.0,1.0,0.0,0.0,0.015208964951217319,0.015208964951217319,471
run_06,polar_session_2026-02-03_09-55-13::run_06,polar_session_2026-02-03_09-55-13,primary,elevation,5.0,medium,2,5448,3,success,,470.759,533.9923095703125,28148.0,1.0201010319689843,470.759,520.3761124816074,28148.0,0.9798675348752128,1.0,1.0,0.0,0.0,0.0,-13.616197088705121,13.616197088705121,-0.04023349709377144,0.04023349709377144,1.0,1.0,0.0,0.0,0.013411165697923888,0.013411165697923888,471
run_06,polar_session_2026-02-03_09-55-13::run_06,polar_session_2026-02-03_09-55-13,primary,elevation,5.0,medium,3,5549,3,success,,470.759,533.9923095703125,28148.0,1.0201010319689843,470.759,511.0048699351762,28148.0,0.9521771410522837,1.0,1.0,0.0,0.0,0.0,-22.987439635136298,22.987439635136298,-0.06792389091670059,0.06792389091670059,1.0,1.0,0.0,0.0,0.022641296972233604,0.022641296972233604,471
run_06,polar_session_2026-02-03_09-55-13::run_06,polar_session_2026-02-03_09-55-13,primary,elevation,5.0,medium,4,5650,3,success,,470.759,533.9923095703125,28148.0,1.0201010319689843,470.759,521.4674734783093,28148.0,0.9830923170374427,1.0,1.0,0.0,0.0,0.0,-12.52483609200317,12.52483609200317,-0.037008714931541564,0.037008714931541564,1.0,1.0,0.0,0.0,0.012336238310513892,0.012336238310513892,471
run_06,polar_session_2026-02-03_09-55-13::run_06,polar_session_2026-02-03_09-55-13,primary,elevation,5.0,medium,5,5751,3,success,,470.759,533.9923095703125,28148.0,1.0201010319689843,470.759,512.2581432695206,28148.0,0.9558803460460534,1.0,1.0,0.0,0.0,0.0,-21.734166300791912,21.734166300791912,-0.06422068592293084,0.06422068592293084,1.0,1.0,0.0,0.0,0.02140689530764367,0.02140689530764367,471
run_06,polar_session_2026-02-03_09-55-13::run_06,polar_session_2026-02-03_09-55-13,primary,position,2.0,low,1,5352,3,success,,470.759,533.9923095703125,28148.0,1.0201010319689843,470.759,517.3447265625,28148.0,0.9709103160738136,1.0,1.0,0.0,0.0,0.0,-16.6475830078125,16.6475830078125,-0.049190715895170656,0.049190715895170656,1.0,1.0,0.0,0.0,0.016396905298390274,0.016396905298390274,471
run_06,polar_session_2026-02-03_09-55-13::run_06,polar_session_2026-02-03_09-55-13,primary,position,2.0,low,2,5453,3,success,,470.759,533.9923095703125,28148.0,1.0201010319689843,470.759,517.3447265625,28148.0,0.9709103160738136,1.0,1.0,0.0,0.0,0.0,-16.6475830078125,16.6475830078125,-0.049190715895170656,0.049190715895170656,1.0,1.0,0.0,0.0,0.016396905298390274,0.016396905298390274,471
run_06,polar_session_2026-02-03_09-55-13::run_06,polar_session_2026-02-03_09-55-13,primary,position,2.0,low,3,5554,3,success,,470.759,533.9923095703125,28148.0,1.0201010319689843,470.759,517.3447265625,28148.0,0.9709103160738136,1.0,1.0,0.0,0.0,0.0,-16.6475830078125,16.6475830078125,-0.049190715895170656,0.049190715895170656,1.0,1.0,0.0,0.0,0.016396905298390274,0.016396905298390274,471
run_06,polar_session_2026-02-03_09-55-13::run_06,polar_session_2026-02-03_09-55-13,primary,position,2.0,low,4,5655,3,success,,470.759,533.9923095703125,28148.0,1.0201010319689843,470.759,517.3447265625,28148.0,0.9709103160738136,1.0,1.0,0.0,0.0,0.0,-16.6475830078125,16.6475830078125,-0.049190715895170656,0.049190715895170656,1.0,1.0,0.0,0.0,0.016396905298390274,0.016396905298390274,471
run_06,polar_session_2026-02-03_09-55-13::run_06,polar_session_2026-02-03_09-55-13,primary,position,2.0,low,5,5756,3,success,,470.759,533.9923095703125,28148.0,1.0201010319689843,470.759,517.3447265625,28148.0,0.9709103160738136,1.0,1.0,0.0,0.0,0.0,-16.6475830078125,16.6475830078125,-0.049190715895170656,0.049190715895170656,1.0,1.0,0.0,0.0,0.016396905298390274,0.016396905298390274,471
run_06,polar_session_2026-02-03_09-55-13::run_06,polar_session_2026-02-03_09-55-13,primary,position,5.0,medium,1,5357,3,success,,470.759,533.9923095703125,28148.0,1.0201010319689843,470.759,517.3447265625,28148.0,0.9709103160738136,1.0,1.0,0.0,0.0,0.0,-16.6475830078125,16.6475830078125,-0.049190715895170656,0.049190715895170656,1.0,1.0,0.0,0.0,0.016396905298390274,0.016396905298390274,471
run_06,polar_session_2026-02-03_09-55-13::run_06,polar_session_2026-02-03_09-55-13,primary,position,5.0,medium,2,5458,3,success,,470.759,533.9923095703125,28148.0,1.0201010319689843,470.759,516.7017822265625,28148.0,0.9690105272485728,1.0,1.0,0.0,0.0,0.0,-17.29052734375,17.29052734375,-0.051090504720411434,0.051090504720411434,1.0,1.0,0.0,0.0,0.0170301682401372,0.0170301682401372,471
run_06,polar_session_2026-02-03_09-55-13::run_06,polar_session_2026-02-03_09-55-13,primary,position,5.0,medium,3,5559,3,success,,470.759,533.9923095703125,28148.0,1.0201010319689843,470.759,534.5106201171875,28148.0,1.0216325495979897,1.0,1.0,0.0,0.0,0.0,0.518310546875,0.518310546875,0.0015315176290053856,0.0015315176290053856,1.0,1.0,0.0,0.0,-0.0005105058763351655,0.0005105058763351655,471
run_06,polar_session_2026-02-03_09-55-13::run_06,polar_session_2026-02-03_09-55-13,primary,position,5.0,medium,4,5660,3,success,,470.759,533.9923095703125,28148.0,1.0201010319689843,470.759,534.5093994140625,28148.0,1.0216289426323066,1.0,1.0,0.0,0.0,0.0,0.51708984375,0.51708984375,0.0015279106633223627,0.0015279106633223627,1.0,1.0,0.0,0.0,-0.0005093035544407876,0.0005093035544407876,471
run_06,polar_session_2026-02-03_09-55-13::run_06,polar_session_2026-02-03_09-55-13,primary,position,5.0,medium,5,5761,3,success,,470.759,533.9923095703125,28148.0,1.0201010319689843,470.759,533.9923095703125,28148.0,1.0201010319689843,1.0,1.0,0.0,0.0,0.0,0.0,0.0,0.0,0.0,1.0,1.0,0.0,0.0,0.0,0.0,471
run_06,polar_session_2026-02-03_09-55-13::run_06,polar_session_2026-02-03_09-55-13,primary,sampling,2.0,low,1,5362,3,success,,470.759,533.9923095703125,28148.0,1.0201010319689843,470.759,515.2457275390625,28148.0,0.9647081385818799,1.0,1.0,0.0,0.0,0.0,-18.74658203125,18.74658203125,-0.0553928933871044,0.0553928933871044,1.0,1.0,0.0,0.0,0.018464297795701523,0.018464297795701523,236
run_06,polar_session_2026-02-03_09-55-13::run_06,polar_session_2026-02-03_09-55-13,primary,sampling,2.0,low,2,5463,3,success,,470.759,533.9923095703125,28148.0,1.0201010319689843,470.759,515.2457275390625,28148.0,0.9647081385818799,1.0,1.0,0.0,0.0,0.0,-18.74658203125,18.74658203125,-0.0553928933871044,0.0553928933871044,1.0,1.0,0.0,0.0,0.018464297795701523,0.018464297795701523,236
run_06,polar_session_2026-02-03_09-55-13::run_06,polar_session_2026-02-03_09-55-13,primary,sampling,2.0,low,3,5564,3,success,,470.759,533.9923095703125,28148.0,1.0201010319689843,470.759,515.2457275390625,28148.0,0.9647081385818799,1.0,1.0,0.0,0.0,0.0,-18.74658203125,18.74658203125,-0.0553928933871044,0.0553928933871044,1.0,1.0,0.0,0.0,0.018464297795701523,0.018464297795701523,236
run_06,polar_session_2026-02-03_09-55-13::run_06,polar_session_2026-02-03_09-55-13,primary,sampling,2.0,low,4,5665,3,success,,470.759,533.9923095703125,28148.0,1.0201010319689843,470.759,515.2457275390625,28148.0,0.9647081385818799,1.0,1.0,0.0,0.0,0.0,-18.74658203125,18.74658203125,-0.0553928933871044,0.0553928933871044,1.0,1.0,0.0,0.0,0.018464297795701523,0.018464297795701523,236
run_06,polar_session_2026-02-03_09-55-13::run_06,polar_session_2026-02-03_09-55-13,primary,sampling,2.0,low,5,5766,3,success,,470.759,533.9923095703125,28148.0,1.0201010319689843,470.759,515.2457275390625,28148.0,0.9647081385818799,1.0,1.0,0.0,0.0,0.0,-18.74658203125,18.74658203125,-0.0553928933871044,0.0553928933871044,1.0,1.0,0.0,0.0,0.018464297795701523,0.018464297795701523,236
run_06,polar_session_2026-02-03_09-55-13::run_06,polar_session_2026-02-03_09-55-13,primary,sampling,3.0,medium,1,5367,3,success,,470.759,533.9923095703125,28148.0,1.0201010319689843,468.735,511.093994140625,28036.0,0.9455480481422953,0.9957005601592323,0.9957005601592323,0.0,2.024,1.012,-22.8983154296875,22.8983154296875,-0.07455298382668896,0.07455298382668896,1.0,1.0,0.0,0.0,0.024850994608896393,0.024850994608896393,157
run_06,polar_session_2026-02-03_09-55-13::run_06,polar_session_2026-02-03_09-55-13,primary,sampling,3.0,medium,2,5468,3,success,,470.759,533.9923095703125,28148.0,1.0201010319689843,468.735,511.093994140625,28036.0,0.9455480481422953,0.9957005601592323,0.9957005601592323,0.0,2.024,1.012,-22.8983154296875,22.8983154296875,-0.07455298382668896,0.07455298382668896,1.0,1.0,0.0,0.0,0.024850994608896393,0.024850994608896393,157
run_06,polar_session_2026-02-03_09-55-13::run_06,polar_session_2026-02-03_09-55-13,primary,sampling,3.0,medium,3,5569,3,success,,470.759,533.9923095703125,28148.0,1.0201010319689843,468.735,511.093994140625,28036.0,0.9455480481422953,0.9957005601592323,0.9957005601592323,0.0,2.024,1.012,-22.8983154296875,22.8983154296875,-0.07455298382668896,0.07455298382668896,1.0,1.0,0.0,0.0,0.024850994608896393,0.024850994608896393,157
run_06,polar_session_2026-02-03_09-55-13::run_06,polar_session_2026-02-03_09-55-13,primary,sampling,3.0,medium,4,5670,3,success,,470.759,533.9923095703125,28148.0,1.0201010319689843,468.735,511.093994140625,28036.0,0.9455480481422953,0.9957005601592323,0.9957005601592323,0.0,2.024,1.012,-22.8983154296875,22.8983154296875,-0.07455298382668896,0.07455298382668896,1.0,1.0,0.0,0.0,0.024850994608896393,0.024850994608896393,157
run_06,polar_session_2026-02-03_09-55-13::run_06,polar_session_2026-02-03_09-55-13,primary,sampling,3.0,medium,5,5771,3,success,,470.759,533.9923095703125,28148.0,1.0201010319689843,468.735,511.093994140625,28036.0,0.9455480481422953,0.9957005601592323,0.9957005601592323,0.0,2.024,1.012,-22.8983154296875,22.8983154296875,-0.07455298382668896,0.07455298382668896,1.0,1.0,0.0,0.0,0.024850994608896393,0.024850994608896393,157
run_06,polar_session_2026-02-03_09-55-13::run_06,polar_session_2026-02-03_09-55-13,primary,temporal,0.75,low,1,5372,3,success,,470.759,533.9923095703125,28148.0,1.0201010319689843,470.759,517.3447265625,28148.0,0.9709103160738136,1.0,1.0,0.0,0.0,0.0,-16.6475830078125,16.6475830078125,-0.049190715895170656,0.049190715895170656,1.0,1.0,0.0,0.0,0.016396905298390274,0.016396905298390274,471
run_06,polar_session_2026-02-03_09-55-13::run_06,polar_session_2026-02-03_09-55-13,primary,temporal,0.75,low,2,5473,3,success,,470.759,533.9923095703125,28148.0,1.0201010319689843,470.759,517.3447265625,28148.0,0.9709103160738136,1.0,1.0,0.0,0.0,0.0,-16.6475830078125,16.6475830078125,-0.049190715895170656,0.049190715895170656,1.0,1.0,0.0,0.0,0.016396905298390274,0.016396905298390274,471
run_06,polar_session_2026-02-03_09-55-13::run_06,polar_session_2026-02-03_09-55-13,primary,temporal,0.75,low,3,5574,3,success,,470.759,533.9923095703125,28148.0,1.0201010319689843,470.759,517.3447265625,28148.0,0.9709103160738136,1.0,1.0,0.0,0.0,0.0,-16.6475830078125,16.6475830078125,-0.049190715895170656,0.049190715895170656,1.0,1.0,0.0,0.0,0.016396905298390274,0.016396905298390274,471
run_06,polar_session_2026-02-03_09-55-13::run_06,polar_session_2026-02-03_09-55-13,primary,temporal,0.75,low,4,5675,3,success,,470.759,533.9923095703125,28148.0,1.0201010319689843,470.759,517.3447265625,28148.0,0.9709103160738136,1.0,1.0,0.0,0.0,0.0,-16.6475830078125,16.6475830078125,-0.049190715895170656,0.049190715895170656,1.0,1.0,0.0,0.0,0.016396905298390274,0.016396905298390274,471
run_06,polar_session_2026-02-03_09-55-13::run_06,polar_session_2026-02-03_09-55-13,primary,temporal,0.75,low,5,5776,3,success,,470.759,533.9923095703125,28148.0,1.0201010319689843,470.759,517.3447265625,28148.0,0.9709103160738136,1.0,1.0,0.0,0.0,0.0,-16.6475830078125,16.6475830078125,-0.049190715895170656,0.049190715895170656,1.0,1.0,0.0,0.0,0.016396905298390274,0.016396905298390274,471
run_06,polar_session_2026-02-03_09-55-13::run_06,polar_session_2026-02-03_09-55-13,primary,temporal,1.5,medium,1,5377,3,success,,470.759,533.9923095703125,28148.0,1.0201010319689843,470.759,517.3447265625,28148.0,0.9709103160738136,1.0,1.0,0.0,0.0,0.0,-16.6475830078125,16.6475830078125,-0.049190715895170656,0.049190715895170656,1.0,1.0,0.0,0.0,0.016396905298390274,0.016396905298390274,471
run_06,polar_session_2026-02-03_09-55-13::run_06,polar_session_2026-02-03_09-55-13,primary,temporal,1.5,medium,2,5478,3,success,,470.759,533.9923095703125,28148.0,1.0201010319689843,470.759,517.3447265625,28148.0,0.9709103160738136,1.0,1.0,0.0,0.0,0.0,-16.6475830078125,16.6475830078125,-0.049190715895170656,0.049190715895170656,1.0,1.0,0.0,0.0,0.016396905298390274,0.016396905298390274,471
run_06,polar_session_2026-02-03_09-55-13::run_06,polar_session_2026-02-03_09-55-13,primary,temporal,1.5,medium,3,5579,3,success,,470.759,533.9923095703125,28148.0,1.0201010319689843,470.759,517.3447265625,28148.0,0.9709103160738136,1.0,1.0,0.0,0.0,0.0,-16.6475830078125,16.6475830078125,-0.049190715895170656,0.049190715895170656,1.0,1.0,0.0,0.0,0.016396905298390274,0.016396905298390274,471
run_06,polar_session_2026-02-03_09-55-13::run_06,polar_session_2026-02-03_09-55-13,primary,temporal,1.5,medium,4,5680,3,success,,470.759,533.9923095703125,28148.0,1.0201010319689843,470.759,517.3447265625,28148.0,0.9709103160738136,1.0,1.0,0.0,0.0,0.0,-16.6475830078125,16.6475830078125,-0.049190715895170656,0.049190715895170656,1.0,1.0,0.0,0.0,0.016396905298390274,0.016396905298390274,471
run_06,polar_session_2026-02-03_09-55-13::run_06,polar_session_2026-02-03_09-55-13,primary,temporal,1.5,medium,5,5781,3,success,,470.759,533.9923095703125,28148.0,1.0201010319689843,470.759,517.3447265625,28148.0,0.9709103160738136,1.0,1.0,0.0,0.0,0.0,-16.6475830078125,16.6475830078125,-0.049190715895170656,0.049190715895170656,1.0,1.0,0.0,0.0,0.016396905298390274,0.016396905298390274,471
run_07,polar_session_2026-02-03_09-55-13::run_07,polar_session_2026-02-03_09-55-13,primary,elevation,2.0,low,1,6342,3,success,,427.5010000000002,529.7828369140625,25489.0,0.844028874086995,427.501,512.1776372766824,25489.0,0.792008567401411,1.0,1.0,0.0,0.0,0.0,-17.60519963738011,17.60519963738011,-0.052020306685583995,0.052020306685583995,1.0,0.9761904761904763,0.25,1.0,0.017340102228528054,0.017340102228528054,428
run_07,polar_session_2026-02-03_09-55-13::run_07,polar_session_2026-02-03_09-55-13,primary,elevation,2.0,low,2,6443,3,success,,427.5010000000002,529.7828369140625,25489.0,0.844028874086995,427.501,514.4824517749219,25489.0,0.7988188938686682,1.0,1.0,0.0,0.0,0.0,-15.300385139140644,15.300385139140644,-0.045209980218326784,0.045209980218326784,1.0,0.9761904761904763,0.25,1.0,0.015069993406108928,0.015069993406108928,428
run_07,polar_session_2026-02-03_09-55-13::run_07,polar_session_2026-02-03_09-55-13,primary,elevation,2.0,low,3,6544,3,success,,427.5010000000002,529.7828369140625,25489.0,0.844028874086995,427.501,510.42860922362934,25489.0,0.7868404933326383,1.0,1.0,0.0,0.0,0.0,-19.354227690433163,19.354227690433163,-0.05718838075435673,0.05718838075435673,1.0,0.9761904761904763,0.25,1.0,0.01906279358478563,0.01906279358478563,428
run_07,polar_session_2026-02-03_09-55-13::run_07,polar_session_2026-02-03_09-55-13,primary,elevation,2.0,low,4,6645,3,success,,427.5010000000002,529.7828369140625,25489.0,0.844028874086995,427.501,512.0131511542504,25489.0,0.7915225394829165,1.0,1.0,0.0,0.0,0.0,-17.76968575981209,17.76968575981209,-0.0525063346040785,0.0525063346040785,1.0,0.9761904761904763,0.25,1.0,0.017502111534692888,0.017502111534692888,428
run_07,polar_session_2026-02-03_09-55-13::run_07,polar_session_2026-02-03_09-55-13,primary,elevation,2.0,low,5,6746,3,success,,427.5010000000002,529.7828369140625,25489.0,0.844028874086995,427.501,512.2870149981638,25489.0,0.7923317595681134,1.0,1.0,0.0,0.0,0.0,-17.49582191589866,17.49582191589866,-0.05169711451888159,0.05169711451888159,1.0,0.9761904761904763,0.25,1.0,0.01723237150629392,0.01723237150629392,428
run_07,polar_session_2026-02-03_09-55-13::run_07,polar_session_2026-02-03_09-55-13,primary,elevation,5.0,medium,1,6347,3,success,,427.5010000000002,529.7828369140625,25489.0,0.844028874086995,427.501,510.38122138041444,25489.0,0.786700470487798,1.0,1.0,0.0,0.0,0.0,-19.401615533648055,19.401615533648055,-0.057328403599197,0.057328403599197,1.0,0.9761904761904763,0.25,1.0,0.019109467866399055,0.019109467866399055,428
run_07,polar_session_2026-02-03_09-55-13::run_07,polar_session_2026-02-03_09-55-13,primary,elevation,5.0,medium,2,6448,3,success,,427.5010000000002,529.7828369140625,25489.0,0.844028874086995,427.501,513.7926106981502,25489.0,0.7967805333208114,1.0,1.0,0.0,0.0,0.0,-15.990226215912344,15.990226215912344,-0.04724834076618356,0.04724834076618356,1.0,0.9761904761904763,0.25,1.0,0.015749446922061205,0.015749446922061205,428
run_07,polar_session_2026-02-03_09-55-13::run_07,polar_session_2026-02-03_09-55-13,primary,elevation,5.0,medium,3,6549,3,success,,427.5010000000002,529.7828369140625,25489.0,0.844028874086995,427.501,508.918659959719,25489.0,0.7823788555548131,1.0,1.0,0.0,0.0,0.0,-20.86417695434352,20.86417695434352,-0.06165001853218188,0.06165001853218188,1.0,0.9761904761904763,0.25,1.0,0.020550006177393998,0.020550006177393998,428
run_07,polar_session_2026-02-03_09-55-13::run_07,polar_session_2026-02-03_09-55-13,primary,elevation,5.0,medium,4,6650,3,success,,427.5010000000002,529.7828369140625,25489.0,0.844028874086995,427.501,517.9129045379373,25489.0,0.8089552858709248,1.0,1.0,0.0,0.0,0.0,-11.869932376125234,11.869932376125234,-0.035073588216070206,0.035073588216070206,1.0,0.9761904761904763,0.25,1.0,0.011691196072023402,0.011691196072023402,428
run_07,polar_session_2026-02-03_09-55-13::run_07,polar_session_2026-02-03_09-55-13,primary,elevation,5.0,medium,5,6751,3,success,,427.5010000000002,529.7828369140625,25489.0,0.844028874086995,427.501,504.8082462791524,25489.0,0.7702332971588894,1.0,1.0,0.0,0.0,0.0,-24.9745906349101,24.9745906349101,-0.07379557692810557,0.07379557692810557,1.0,0.9761904761904763,0.25,1.0,0.02459852564270193,0.02459852564270193,428
run_07,polar_session_2026-02-03_09-55-13::run_07,polar_session_2026-02-03_09-55-13,primary,position,2.0,low,1,6352,3,success,,427.5010000000002,529.7828369140625,25489.0,0.844028874086995,427.501,513.13525390625,25489.0,0.7948381581918245,1.0,1.0,0.0,0.0,0.0,-16.6475830078125,16.6475830078125,-0.049190715895170545,0.049190715895170545,1.0,0.9761904761904763,0.25,1.0,0.016396905298390163,0.016396905298390163,428
run_07,polar_session_2026-02-03_09-55-13::run_07,polar_session_2026-02-03_09-55-13,primary,position,2.0,low,2,6453,3,success,,427.5010000000002,529.7828369140625,25489.0,0.844028874086995,427.501,513.13525390625,25489.0,0.7948381581918245,1.0,1.0,0.0,0.0,0.0,-16.6475830078125,16.6475830078125,-0.049190715895170545,0.049190715895170545,1.0,0.9761904761904763,0.25,1.0,0.016396905298390163,0.016396905298390163,428
run_07,polar_session_2026-02-03_09-55-13::run_07,polar_session_2026-02-03_09-55-13,primary,position,2.0,low,3,6554,3,success,,427.5010000000002,529.7828369140625,25489.0,0.844028874086995,427.501,513.13525390625,25489.0,0.7948381581918245,1.0,1.0,0.0,0.0,0.0,-16.6475830078125,16.6475830078125,-0.049190715895170545,0.049190715895170545,1.0,0.9761904761904763,0.25,1.0,0.016396905298390163,0.016396905298390163,428
run_07,polar_session_2026-02-03_09-55-13::run_07,polar_session_2026-02-03_09-55-13,primary,position,2.0,low,4,6655,3,success,,427.5010000000002,529.7828369140625,25489.0,0.844028874086995,427.501,513.13525390625,25489.0,0.7948381581918245,1.0,1.0,0.0,0.0,0.0,-16.6475830078125,16.6475830078125,-0.049190715895170545,0.049190715895170545,1.0,0.9761904761904763,0.25,1.0,0.016396905298390163,0.016396905298390163,428
run_07,polar_session_2026-02-03_09-55-13::run_07,polar_session_2026-02-03_09-55-13,primary,position,2.0,low,5,6756,3,success,,427.5010000000002,529.7828369140625,25489.0,0.844028874086995,427.501,511.9752197265625,25489.0,0.7914104587032611,1.0,1.0,0.0,0.0,0.0,-17.8076171875,17.8076171875,-0.05261841538373391,0.05261841538373391,1.0,0.9761904761904763,0.25,1.0,0.017539471794577988,0.017539471794577988,428
run_07,polar_session_2026-02-03_09-55-13::run_07,polar_session_2026-02-03_09-55-13,primary,position,5.0,medium,1,6357,3,success,,427.5010000000002,529.7828369140625,25489.0,0.844028874086995,427.501,529.7828369140625,25489.0,0.844028874086995,1.0,1.0,0.0,0.0,0.0,0.0,0.0,0.0,0.0,1.0,1.0,0.0,0.0,0.0,0.0,428
run_07,polar_session_2026-02-03_09-55-13::run_07,polar_session_2026-02-03_09-55-13,primary,position,5.0,medium,2,6458,3,success,,427.5010000000002,529.7828369140625,25489.0,0.844028874086995,427.501,511.9752197265625,25489.0,0.7914104587032611,1.0,1.0,0.0,0.0,0.0,-17.8076171875,17.8076171875,-0.05261841538373391,0.05261841538373391,1.0,0.9761904761904763,0.25,1.0,0.017539471794577988,0.017539471794577988,428
run_07,polar_session_2026-02-03_09-55-13::run_07,polar_session_2026-02-03_09-55-13,primary,position,5.0,medium,3,6559,3,success,,427.5010000000002,529.7828369140625,25489.0,0.844028874086995,427.501,511.9752197265625,25489.0,0.7914104587032611,1.0,1.0,0.0,0.0,0.0,-17.8076171875,17.8076171875,-0.05261841538373391,0.05261841538373391,1.0,0.9761904761904763,0.25,1.0,0.017539471794577988,0.017539471794577988,428
run_07,polar_session_2026-02-03_09-55-13::run_07,polar_session_2026-02-03_09-55-13,primary,position,5.0,medium,4,6660,3,success,,427.5010000000002,529.7828369140625,25489.0,0.844028874086995,427.501,513.13525390625,25489.0,0.7948381581918245,1.0,1.0,0.0,0.0,0.0,-16.6475830078125,16.6475830078125,-0.049190715895170545,0.049190715895170545,1.0,0.9761904761904763,0.25,1.0,0.016396905298390163,0.016396905298390163,428
run_07,polar_session_2026-02-03_09-55-13::run_07,polar_session_2026-02-03_09-55-13,primary,position,5.0,medium,5,6761,3,success,,427.5010000000002,529.7828369140625,25489.0,0.844028874086995,427.501,513.13525390625,25489.0,0.7948381581918245,1.0,1.0,0.0,0.0,0.0,-16.6475830078125,16.6475830078125,-0.049190715895170545,0.049190715895170545,1.0,0.9761904761904763,0.25,1.0,0.016396905298390163,0.016396905298390163,428
run_07,polar_session_2026-02-03_09-55-13::run_07,polar_session_2026-02-03_09-55-13,primary,sampling,2.0,low,1,6362,3,success,,427.5010000000002,529.7828369140625,25489.0,0.844028874086995,426.484,507.721435546875,25440.0,0.7758258231260724,0.9976210581963552,0.9976210581963552,0.0,1.017,0.5085,-22.0614013671875,22.0614013671875,-0.0682030509609226,0.0682030509609226,1.0,0.9761904761904763,0.25,1.0,0.022734350320307517,0.022734350320307517,214
run_07,polar_session_2026-02-03_09-55-13::run_07,polar_session_2026-02-03_09-55-13,primary,sampling,2.0,low,2,6463,3,success,,427.5010000000002,529.7828369140625,25489.0,0.844028874086995,426.484,507.721435546875,25440.0,0.7758258231260724,0.9976210581963552,0.9976210581963552,0.0,1.017,0.5085,-22.0614013671875,22.0614013671875,-0.0682030509609226,0.0682030509609226,1.0,0.9761904761904763,0.25,1.0,0.022734350320307517,0.022734350320307517,214
run_07,polar_session_2026-02-03_09-55-13::run_07,polar_session_2026-02-03_09-55-13,primary,sampling,2.0,low,3,6564,3,success,,427.5010000000002,529.7828369140625,25489.0,0.844028874086995,426.484,507.721435546875,25440.0,0.7758258231260724,0.9976210581963552,0.9976210581963552,0.0,1.017,0.5085,-22.0614013671875,22.0614013671875,-0.0682030509609226,0.0682030509609226,1.0,0.9761904761904763,0.25,1.0,0.022734350320307517,0.022734350320307517,214
run_07,polar_session_2026-02-03_09-55-13::run_07,polar_session_2026-02-03_09-55-13,primary,sampling,2.0,low,4,6665,3,success,,427.5010000000002,529.7828369140625,25489.0,0.844028874086995,426.484,507.721435546875,25440.0,0.7758258231260724,0.9976210581963552,0.9976210581963552,0.0,1.017,0.5085,-22.0614013671875,22.0614013671875,-0.0682030509609226,0.0682030509609226,1.0,0.9761904761904763,0.25,1.0,0.022734350320307517,0.022734350320307517,214
run_07,polar_session_2026-02-03_09-55-13::run_07,polar_session_2026-02-03_09-55-13,primary,sampling,2.0,low,5,6766,3,success,,427.5010000000002,529.7828369140625,25489.0,0.844028874086995,426.484,507.721435546875,25440.0,0.7758258231260724,0.9976210581963552,0.9976210581963552,0.0,1.017,0.5085,-22.0614013671875,22.0614013671875,-0.0682030509609226,0.0682030509609226,1.0,0.9761904761904763,0.25,1.0,0.022734350320307517,0.022734350320307517,214
run_07,polar_session_2026-02-03_09-55-13::run_07,polar_session_2026-02-03_09-55-13,primary,sampling,3.0,medium,1,6367,3,success,,427.5010000000002,529.7828369140625,25489.0,0.844028874086995,426.484,504.365478515625,25440.0,0.7659095530703444,0.9976210581963552,0.9976210581963552,0.0,1.017,0.5085,-25.4173583984375,25.4173583984375,-0.07811932101665064,0.07811932101665064,1.0,0.9761904761904763,0.25,1.0,0.02603977367221688,0.02603977367221688,143
run_07,polar_session_2026-02-03_09-55-13::run_07,polar_session_2026-02-03_09-55-13,primary,sampling,3.0,medium,2,6468,3,success,,427.5010000000002,529.7828369140625,25489.0,0.844028874086995,426.484,504.365478515625,25440.0,0.7659095530703444,0.9976210581963552,0.9976210581963552,0.0,1.017,0.5085,-25.4173583984375,25.4173583984375,-0.07811932101665064,0.07811932101665064,1.0,0.9761904761904763,0.25,1.0,0.02603977367221688,0.02603977367221688,143
run_07,polar_session_2026-02-03_09-55-13::run_07,polar_session_2026-02-03_09-55-13,primary,sampling,3.0,medium,3,6569,3,success,,427.5010000000002,529.7828369140625,25489.0,0.844028874086995,426.484,504.365478515625,25440.0,0.7659095530703444,0.9976210581963552,0.9976210581963552,0.0,1.017,0.5085,-25.4173583984375,25.4173583984375,-0.07811932101665064,0.07811932101665064,1.0,0.9761904761904763,0.25,1.0,0.02603977367221688,0.02603977367221688,143
run_07,polar_session_2026-02-03_09-55-13::run_07,polar_session_2026-02-03_09-55-13,primary,sampling,3.0,medium,4,6670,3,success,,427.5010000000002,529.7828369140625,25489.0,0.844028874086995,426.484,504.365478515625,25440.0,0.7659095530703444,0.9976210581963552,0.9976210581963552,0.0,1.017,0.5085,-25.4173583984375,25.4173583984375,-0.07811932101665064,0.07811932101665064,1.0,0.9761904761904763,0.25,1.0,0.02603977367221688,0.02603977367221688,143
run_07,polar_session_2026-02-03_09-55-13::run_07,polar_session_2026-02-03_09-55-13,primary,sampling,3.0,medium,5,6771,3,success,,427.5010000000002,529.7828369140625,25489.0,0.844028874086995,426.484,504.365478515625,25440.0,0.7659095530703444,0.9976210581963552,0.9976210581963552,0.0,1.017,0.5085,-25.4173583984375,25.4173583984375,-0.07811932101665064,0.07811932101665064,1.0,0.9761904761904763,0.25,1.0,0.02603977367221688,0.02603977367221688,143
run_07,polar_session_2026-02-03_09-55-13::run_07,polar_session_2026-02-03_09-55-13,primary,temporal,0.75,low,1,6372,3,success,,427.5010000000002,529.7828369140625,25489.0,0.844028874086995,427.501,513.13525390625,25489.0,0.7948381581918245,1.0,1.0,0.0,0.0,0.0,-16.6475830078125,16.6475830078125,-0.049190715895170545,0.049190715895170545,1.0,0.9761904761904763,0.25,1.0,0.016396905298390163,0.016396905298390163,428
run_07,polar_session_2026-02-03_09-55-13::run_07,polar_session_2026-02-03_09-55-13,primary,temporal,0.75,low,2,6473,3,success,,427.5010000000002,529.7828369140625,25489.0,0.844028874086995,427.501,513.13525390625,25489.0,0.7948381581918245,1.0,1.0,0.0,0.0,0.0,-16.6475830078125,16.6475830078125,-0.049190715895170545,0.049190715895170545,1.0,0.9761904761904763,0.25,1.0,0.016396905298390163,0.016396905298390163,428
run_07,polar_session_2026-02-03_09-55-13::run_07,polar_session_2026-02-03_09-55-13,primary,temporal,0.75,low,3,6574,3,success,,427.5010000000002,529.7828369140625,25489.0,0.844028874086995,427.501,513.13525390625,25489.0,0.7948381581918245,1.0,1.0,0.0,0.0,0.0,-16.6475830078125,16.6475830078125,-0.049190715895170545,0.049190715895170545,1.0,0.9761904761904763,0.25,1.0,0.016396905298390163,0.016396905298390163,428
run_07,polar_session_2026-02-03_09-55-13::run_07,polar_session_2026-02-03_09-55-13,primary,temporal,0.75,low,4,6675,3,success,,427.5010000000002,529.7828369140625,25489.0,0.844028874086995,427.501,513.13525390625,25489.0,0.7948381581918245,1.0,1.0,0.0,0.0,0.0,-16.6475830078125,16.6475830078125,-0.049190715895170545,0.049190715895170545,1.0,0.9761904761904763,0.25,1.0,0.016396905298390163,0.016396905298390163,428
run_07,polar_session_2026-02-03_09-55-13::run_07,polar_session_2026-02-03_09-55-13,primary,temporal,0.75,low,5,6776,3,success,,427.5010000000002,529.7828369140625,25489.0,0.844028874086995,427.501,513.13525390625,25489.0,0.7948381581918245,1.0,1.0,0.0,0.0,0.0,-16.6475830078125,16.6475830078125,-0.049190715895170545,0.049190715895170545,1.0,0.9761904761904763,0.25,1.0,0.016396905298390163,0.016396905298390163,428
run_07,polar_session_2026-02-03_09-55-13::run_07,polar_session_2026-02-03_09-55-13,primary,temporal,1.5,medium,1,6377,3,success,,427.5010000000002,529.7828369140625,25489.0,0.844028874086995,427.501,513.13525390625,25489.0,0.7948381581918245,1.0,1.0,0.0,0.0,0.0,-16.6475830078125,16.6475830078125,-0.049190715895170545,0.049190715895170545,1.0,0.9761904761904763,0.25,1.0,0.016396905298390163,0.016396905298390163,428
run_07,polar_session_2026-02-03_09-55-13::run_07,polar_session_2026-02-03_09-55-13,primary,temporal,1.5,medium,2,6478,3,success,,427.5010000000002,529.7828369140625,25489.0,0.844028874086995,427.501,513.13525390625,25489.0,0.7948381581918245,1.0,1.0,0.0,0.0,0.0,-16.6475830078125,16.6475830078125,-0.049190715895170545,0.049190715895170545,1.0,0.9761904761904763,0.25,1.0,0.016396905298390163,0.016396905298390163,428
run_07,polar_session_2026-02-03_09-55-13::run_07,polar_session_2026-02-03_09-55-13,primary,temporal,1.5,medium,3,6579,3,success,,427.5010000000002,529.7828369140625,25489.0,0.844028874086995,427.501,513.13525390625,25489.0,0.7948381581918245,1.0,1.0,0.0,0.0,0.0,-16.6475830078125,16.6475830078125,-0.049190715895170545,0.049190715895170545,1.0,0.9761904761904763,0.25,1.0,0.016396905298390163,0.016396905298390163,428
run_07,polar_session_2026-02-03_09-55-13::run_07,polar_session_2026-02-03_09-55-13,primary,temporal,1.5,medium,4,6680,3,success,,427.5010000000002,529.7828369140625,25489.0,0.844028874086995,427.501,513.13525390625,25489.0,0.7948381581918245,1.0,1.0,0.0,0.0,0.0,-16.6475830078125,16.6475830078125,-0.049190715895170545,0.049190715895170545,1.0,0.9761904761904763,0.25,1.0,0.016396905298390163,0.016396905298390163,428
run_07,polar_session_2026-02-03_09-55-13::run_07,polar_session_2026-02-03_09-55-13,primary,temporal,1.5,medium,5,6781,3,success,,427.5010000000002,529.7828369140625,25489.0,0.844028874086995,427.501,513.13525390625,25489.0,0.7948381581918245,1.0,1.0,0.0,0.0,0.0,-16.6475830078125,16.6475830078125,-0.049190715895170545,0.049190715895170545,1.0,0.9761904761904763,0.25,1.0,0.016396905298390163,0.016396905298390163,428
run_12,polar_session_2026-02-03_09-55-13::run_12,polar_session_2026-02-03_09-55-13,primary,elevation,2.0,low,1,7342,3,success,,361.9480000000003,459.4781494140625,20847.0,0.3506237357672361,361.948,457.8834022326505,20847.0,0.34591153487365006,1.0,1.0,0.0,0.0,0.0,-1.5947471814120036,1.5947471814120036,-0.004712200893586038,0.004712200893586038,1.0,1.0,0.0,0.0,0.0,0.0,363
run_12,polar_session_2026-02-03_09-55-13::run_12,polar_session_2026-02-03_09-55-13,primary,elevation,2.0,low,2,7443,3,success,,361.9480000000003,459.4781494140625,20847.0,0.3506237357672361,361.948,458.2970076280226,20847.0,0.34713366696855597,1.0,1.0,0.0,0.0,0.0,-1.181141786039916,1.181141786039916,-0.003490068798680135,0.003490068798680135,1.0,1.0,0.0,0.0,0.0,0.0,363
run_12,polar_session_2026-02-03_09-55-13::run_12,polar_session_2026-02-03_09-55-13,primary,elevation,2.0,low,3,7544,3,success,,361.9480000000003,459.4781494140625,20847.0,0.3506237357672361,361.948,458.04223661486003,20847.0,0.3463808628815649,1.0,1.0,0.0,0.0,0.0,-1.4359127992024696,1.4359127992024696,-0.004242872885671212,0.004242872885671212,1.0,1.0,0.0,0.0,0.0,0.0,363
run_12,polar_session_2026-02-03_09-55-13::run_12,polar_session_2026-02-03_09-55-13,primary,elevation,2.0,low,4,7645,3,success,,361.9480000000003,459.4781494140625,20847.0,0.3506237357672361,361.948,456.5972176971884,20847.0,0.3421110829976638,1.0,1.0,0.0,0.0,0.0,-2.8809317168741018,2.8809317168741018,-0.008512652769572304,0.008512652769572304,1.0,1.0,0.0,0.0,0.0,0.0,363
run_12,polar_session_2026-02-03_09-55-13::run_12,polar_session_2026-02-03_09-55-13,primary,elevation,2.0,low,5,7746,3,success,,361.9480000000003,459.4781494140625,20847.0,0.3506237357672361,361.948,456.4832417761711,20847.0,0.34177430395009745,1.0,1.0,0.0,0.0,0.0,-2.9949076378914015,2.9949076378914015,-0.008849431817138653,0.008849431817138653,1.0,1.0,0.0,0.0,0.0,0.0,363
run_12,polar_session_2026-02-03_09-55-13::run_12,polar_session_2026-02-03_09-55-13,primary,elevation,5.0,medium,1,7347,3,success,,361.9480000000003,459.4781494140625,20847.0,0.3506237357672361,361.948,457.4407624417952,20847.0,0.34460361118372806,1.0,1.0,0.0,0.0,0.0,-2.0373869722673135,2.0373869722673135,-0.006020124583508035,0.006020124583508035,1.0,1.0,0.0,0.0,0.0,0.0,363
run_12,polar_session_2026-02-03_09-55-13::run_12,polar_session_2026-02-03_09-55-13,primary,elevation,5.0,medium,2,7448,3,success,,361.9480000000003,459.4781494140625,20847.0,0.3506237357672361,361.948,453.0099082772392,20847.0,0.33151120682212665,1.0,1.0,0.0,0.0,0.0,-6.468241136823281,6.468241136823281,-0.019112528945109453,0.019112528945109453,1.0,1.0,0.0,0.0,0.0,0.0,363
run_12,polar_session_2026-02-03_09-55-13::run_12,polar_session_2026-02-03_09-55-13,primary,elevation,5.0,medium,3,7549,3,success,,361.9480000000003,459.4781494140625,20847.0,0.3506237357672361,361.948,457.4206740592267,20847.0,0.3445442535028409,1.0,1.0,0.0,0.0,0.0,-2.0574753548357876,2.0574753548357876,-0.006079482264395197,0.006079482264395197,1.0,1.0,0.0,0.0,0.0,0.0,363
run_12,polar_session_2026-02-03_09-55-13::run_12,polar_session_2026-02-03_09-55-13,primary,elevation,5.0,medium,4,7650,3,success,,361.9480000000003,459.4781494140625,20847.0,0.3506237357672361,361.948,463.78568964923556,20847.0,0.36335176888867937,1.0,1.0,0.0,0.0,0.0,4.3075402351730645,4.3075402351730645,0.012728033121443272,0.012728033121443272,1.0,1.0,0.0,0.0,0.0,0.0,363
run_12,polar_session_2026-02-03_09-55-13::run_12,polar_session_2026-02-03_09-55-13,primary,elevation,5.0,medium,5,7751,3,success,,361.9480000000003,459.4781494140625,20847.0,0.3506237357672361,361.948,462.23238193717384,20847.0,0.35876201442847044,1.0,1.0,0.0,0.0,0.0,2.754232523111341,2.754232523111341,0.008138278661234344,0.008138278661234344,1.0,1.0,0.0,0.0,0.0,0.0,363
run_12,polar_session_2026-02-03_09-55-13::run_12,polar_session_2026-02-03_09-55-13,primary,position,2.0,low,1,7352,3,success,,361.9480000000003,459.4781494140625,20847.0,0.3506237357672361,361.948,457.8231201171875,20847.0,0.3457334116942126,1.0,1.0,0.0,0.0,0.0,-1.655029296875,1.655029296875,-0.004890324073023478,0.004890324073023478,1.0,1.0,0.0,0.0,0.0,0.0,363
run_12,polar_session_2026-02-03_09-55-13::run_12,polar_session_2026-02-03_09-55-13,primary,position,2.0,low,2,7453,3,success,,361.9480000000003,459.4781494140625,20847.0,0.3506237357672361,361.948,457.8231201171875,20847.0,0.3457334116942126,1.0,1.0,0.0,0.0,0.0,-1.655029296875,1.655029296875,-0.004890324073023478,0.004890324073023478,1.0,1.0,0.0,0.0,0.0,0.0,363
run_12,polar_session_2026-02-03_09-55-13::run_12,polar_session_2026-02-03_09-55-13,primary,position,2.0,low,3,7554,3,success,,361.9480000000003,459.4781494140625,20847.0,0.3506237357672361,361.948,457.8231201171875,20847.0,0.3457334116942126,1.0,1.0,0.0,0.0,0.0,-1.655029296875,1.655029296875,-0.004890324073023478,0.004890324073023478,1.0,1.0,0.0,0.0,0.0,0.0,363
run_12,polar_session_2026-02-03_09-55-13::run_12,polar_session_2026-02-03_09-55-13,primary,position,2.0,low,4,7655,3,success,,361.9480000000003,459.4781494140625,20847.0,0.3506237357672361,361.948,457.8231201171875,20847.0,0.3457334116942126,1.0,1.0,0.0,0.0,0.0,-1.655029296875,1.655029296875,-0.004890324073023478,0.004890324073023478,1.0,1.0,0.0,0.0,0.0,0.0,363
run_12,polar_session_2026-02-03_09-55-13::run_12,polar_session_2026-02-03_09-55-13,primary,position,2.0,low,5,7756,3,success,,361.9480000000003,459.4781494140625,20847.0,0.3506237357672361,361.948,457.8231201171875,20847.0,0.3457334116942126,1.0,1.0,0.0,0.0,0.0,-1.655029296875,1.655029296875,-0.004890324073023478,0.004890324073023478,1.0,1.0,0.0,0.0,0.0,0.0,363
run_12,polar_session_2026-02-03_09-55-13::run_12,polar_session_2026-02-03_09-55-13,primary,position,5.0,medium,1,7357,3,success,,361.9480000000003,459.4781494140625,20847.0,0.3506237357672361,361.948,457.67578125,20847.0,0.3452980509362734,1.0,1.0,0.0,0.0,0.0,-1.8023681640625,1.8023681640625,-0.005325684830962685,0.005325684830962685,1.0,1.0,0.0,0.0,0.0,0.0,363
run_12,polar_session_2026-02-03_09-55-13::run_12,polar_session_2026-02-03_09-55-13,primary,position,5.0,medium,2,7458,3,success,,361.9480000000003,459.4781494140625,20847.0,0.3506237357672361,361.948,457.67578125,20847.0,0.3452980509362734,1.0,1.0,0.0,0.0,0.0,-1.8023681640625,1.8023681640625,-0.005325684830962685,0.005325684830962685,1.0,1.0,0.0,0.0,0.0,0.0,363
run_12,polar_session_2026-02-03_09-55-13::run_12,polar_session_2026-02-03_09-55-13,primary,position,5.0,medium,3,7559,3,success,,361.9480000000003,459.4781494140625,20847.0,0.3506237357672361,361.948,457.8231201171875,20847.0,0.3457334116942126,1.0,1.0,0.0,0.0,0.0,-1.655029296875,1.655029296875,-0.004890324073023478,0.004890324073023478,1.0,1.0,0.0,0.0,0.0,0.0,363
run_12,polar_session_2026-02-03_09-55-13::run_12,polar_session_2026-02-03_09-55-13,primary,position,5.0,medium,4,7660,3,success,,361.9480000000003,459.4781494140625,20847.0,0.3506237357672361,361.948,457.8231201171875,20847.0,0.3457334116942126,1.0,1.0,0.0,0.0,0.0,-1.655029296875,1.655029296875,-0.004890324073023478,0.004890324073023478,1.0,1.0,0.0,0.0,0.0,0.0,363
run_12,polar_session_2026-02-03_09-55-13::run_12,polar_session_2026-02-03_09-55-13,primary,position,5.0,medium,5,7761,3,success,,361.9480000000003,459.4781494140625,20847.0,0.3506237357672361,361.948,457.458740234375,20847.0,0.34465673243783446,1.0,1.0,0.0,0.0,0.0,-2.0194091796875,2.0194091796875,-0.005967003329401643,0.005967003329401643,1.0,1.0,0.0,0.0,0.0,0.0,363
run_12,polar_session_2026-02-03_09-55-13::run_12,polar_session_2026-02-03_09-55-13,primary,sampling,2.0,low,1,7362,3,success,,361.9480000000003,459.4781494140625,20847.0,0.3506237357672361,361.948,457.1903076171875,20847.0,0.3438635606841408,1.0,1.0,0.0,0.0,0.0,-2.287841796875,2.287841796875,-0.006760175083095288,0.006760175083095288,1.0,1.0,0.0,0.0,0.0,0.0,182
run_12,polar_session_2026-02-03_09-55-13::run_12,polar_session_2026-02-03_09-55-13,primary,sampling,2.0,low,2,7463,3,success,,361.9480000000003,459.4781494140625,20847.0,0.3506237357672361,361.948,457.1903076171875,20847.0,0.3438635606841408,1.0,1.0,0.0,0.0,0.0,-2.287841796875,2.287841796875,-0.006760175083095288,0.006760175083095288,1.0,1.0,0.0,0.0,0.0,0.0,182
run_12,polar_session_2026-02-03_09-55-13::run_12,polar_session_2026-02-03_09-55-13,primary,sampling,2.0,low,3,7564,3,success,,361.9480000000003,459.4781494140625,20847.0,0.3506237357672361,361.948,457.1903076171875,20847.0,0.3438635606841408,1.0,1.0,0.0,0.0,0.0,-2.287841796875,2.287841796875,-0.006760175083095288,0.006760175083095288,1.0,1.0,0.0,0.0,0.0,0.0,182
run_12,polar_session_2026-02-03_09-55-13::run_12,polar_session_2026-02-03_09-55-13,primary,sampling,2.0,low,4,7665,3,success,,361.9480000000003,459.4781494140625,20847.0,0.3506237357672361,361.948,457.1903076171875,20847.0,0.3438635606841408,1.0,1.0,0.0,0.0,0.0,-2.287841796875,2.287841796875,-0.006760175083095288,0.006760175083095288,1.0,1.0,0.0,0.0,0.0,0.0,182
run_12,polar_session_2026-02-03_09-55-13::run_12,polar_session_2026-02-03_09-55-13,primary,sampling,2.0,low,5,7766,3,success,,361.9480000000003,459.4781494140625,20847.0,0.3506237357672361,361.948,457.1903076171875,20847.0,0.3438635606841408,1.0,1.0,0.0,0.0,0.0,-2.287841796875,2.287841796875,-0.006760175083095288,0.006760175083095288,1.0,1.0,0.0,0.0,0.0,0.0,182
run_12,polar_session_2026-02-03_09-55-13::run_12,polar_session_2026-02-03_09-55-13,primary,sampling,3.0,medium,1,7367,3,success,,361.9480000000003,459.4781494140625,20847.0,0.3506237357672361,359.929,438.8553466796875,20741.0,0.28316373449819615,0.9944218506525799,0.9944218506525799,0.0,2.019,1.0095,-20.622802734375,20.622802734375,-0.06746000126903995,0.06746000126903995,1.0,1.0,0.0,0.0,0.0,0.0,121
run_12,polar_session_2026-02-03_09-55-13::run_12,polar_session_2026-02-03_09-55-13,primary,sampling,3.0,medium,2,7468,3,success,,361.9480000000003,459.4781494140625,20847.0,0.3506237357672361,359.929,438.8553466796875,20741.0,0.28316373449819615,0.9944218506525799,0.9944218506525799,0.0,2.019,1.0095,-20.622802734375,20.622802734375,-0.06746000126903995,0.06746000126903995,1.0,1.0,0.0,0.0,0.0,0.0,121
run_12,polar_session_2026-02-03_09-55-13::run_12,polar_session_2026-02-03_09-55-13,primary,sampling,3.0,medium,3,7569,3,success,,361.9480000000003,459.4781494140625,20847.0,0.3506237357672361,359.929,438.8553466796875,20741.0,0.28316373449819615,0.9944218506525799,0.9944218506525799,0.0,2.019,1.0095,-20.622802734375,20.622802734375,-0.06746000126903995,0.06746000126903995,1.0,1.0,0.0,0.0,0.0,0.0,121
run_12,polar_session_2026-02-03_09-55-13::run_12,polar_session_2026-02-03_09-55-13,primary,sampling,3.0,medium,4,7670,3,success,,361.9480000000003,459.4781494140625,20847.0,0.3506237357672361,359.929,438.8553466796875,20741.0,0.28316373449819615,0.9944218506525799,0.9944218506525799,0.0,2.019,1.0095,-20.622802734375,20.622802734375,-0.06746000126903995,0.06746000126903995,1.0,1.0,0.0,0.0,0.0,0.0,121
run_12,polar_session_2026-02-03_09-55-13::run_12,polar_session_2026-02-03_09-55-13,primary,sampling,3.0,medium,5,7771,3,success,,361.9480000000003,459.4781494140625,20847.0,0.3506237357672361,359.929,438.8553466796875,20741.0,0.28316373449819615,0.9944218506525799,0.9944218506525799,0.0,2.019,1.0095,-20.622802734375,20.622802734375,-0.06746000126903995,0.06746000126903995,1.0,1.0,0.0,0.0,0.0,0.0,121
run_12,polar_session_2026-02-03_09-55-13::run_12,polar_session_2026-02-03_09-55-13,primary,temporal,0.75,low,1,7372,3,success,,361.9480000000003,459.4781494140625,20847.0,0.3506237357672361,361.948,457.8231201171875,20847.0,0.3457334116942126,1.0,1.0,0.0,0.0,0.0,-1.655029296875,1.655029296875,-0.004890324073023478,0.004890324073023478,1.0,1.0,0.0,0.0,0.0,0.0,363
run_12,polar_session_2026-02-03_09-55-13::run_12,polar_session_2026-02-03_09-55-13,primary,temporal,0.75,low,2,7473,3,success,,361.9480000000003,459.4781494140625,20847.0,0.3506237357672361,361.948,457.8231201171875,20847.0,0.3457334116942126,1.0,1.0,0.0,0.0,0.0,-1.655029296875,1.655029296875,-0.004890324073023478,0.004890324073023478,1.0,1.0,0.0,0.0,0.0,0.0,363
run_12,polar_session_2026-02-03_09-55-13::run_12,polar_session_2026-02-03_09-55-13,primary,temporal,0.75,low,3,7574,3,success,,361.9480000000003,459.4781494140625,20847.0,0.3506237357672361,361.948,457.8231201171875,20847.0,0.3457334116942126,1.0,1.0,0.0,0.0,0.0,-1.655029296875,1.655029296875,-0.004890324073023478,0.004890324073023478,1.0,1.0,0.0,0.0,0.0,0.0,363
run_12,polar_session_2026-02-03_09-55-13::run_12,polar_session_2026-02-03_09-55-13,primary,temporal,0.75,low,4,7675,3,success,,361.9480000000003,459.4781494140625,20847.0,0.3506237357672361,361.948,457.8231201171875,20847.0,0.3457334116942126,1.0,1.0,0.0,0.0,0.0,-1.655029296875,1.655029296875,-0.004890324073023478,0.004890324073023478,1.0,1.0,0.0,0.0,0.0,0.0,363
run_12,polar_session_2026-02-03_09-55-13::run_12,polar_session_2026-02-03_09-55-13,primary,temporal,0.75,low,5,7776,3,success,,361.9480000000003,459.4781494140625,20847.0,0.3506237357672361,361.948,457.8231201171875,20847.0,0.3457334116942126,1.0,1.0,0.0,0.0,0.0,-1.655029296875,1.655029296875,-0.004890324073023478,0.004890324073023478,1.0,1.0,0.0,0.0,0.0,0.0,363
run_12,polar_session_2026-02-03_09-55-13::run_12,polar_session_2026-02-03_09-55-13,primary,temporal,1.5,medium,1,7377,3,success,,361.9480000000003,459.4781494140625,20847.0,0.3506237357672361,361.948,457.8231201171875,20847.0,0.3457334116942126,1.0,1.0,0.0,0.0,0.0,-1.655029296875,1.655029296875,-0.004890324073023478,0.004890324073023478,1.0,1.0,0.0,0.0,0.0,0.0,363
run_12,polar_session_2026-02-03_09-55-13::run_12,polar_session_2026-02-03_09-55-13,primary,temporal,1.5,medium,2,7478,3,success,,361.9480000000003,459.4781494140625,20847.0,0.3506237357672361,361.948,457.8231201171875,20847.0,0.3457334116942126,1.0,1.0,0.0,0.0,0.0,-1.655029296875,1.655029296875,-0.004890324073023478,0.004890324073023478,1.0,1.0,0.0,0.0,0.0,0.0,363
run_12,polar_session_2026-02-03_09-55-13::run_12,polar_session_2026-02-03_09-55-13,primary,temporal,1.5,medium,3,7579,3,success,,361.9480000000003,459.4781494140625,20847.0,0.3506237357672361,361.948,457.8231201171875,20847.0,0.3457334116942126,1.0,1.0,0.0,0.0,0.0,-1.655029296875,1.655029296875,-0.004890324073023478,0.004890324073023478,1.0,1.0,0.0,0.0,0.0,0.0,363
run_12,polar_session_2026-02-03_09-55-13::run_12,polar_session_2026-02-03_09-55-13,primary,temporal,1.5,medium,4,7680,3,success,,361.9480000000003,459.4781494140625,20847.0,0.3506237357672361,361.948,457.8231201171875,20847.0,0.3457334116942126,1.0,1.0,0.0,0.0,0.0,-1.655029296875,1.655029296875,-0.004890324073023478,0.004890324073023478,1.0,1.0,0.0,0.0,0.0,0.0,363
run_12,polar_session_2026-02-03_09-55-13::run_12,polar_session_2026-02-03_09-55-13,primary,temporal,1.5,medium,5,7781,3,success,,361.9480000000003,459.4781494140625,20847.0,0.3506237357672361,361.948,457.8231201171875,20847.0,0.3457334116942126,1.0,1.0,0.0,0.0,0.0,-1.655029296875,1.655029296875,-0.004890324073023478,0.004890324073023478,1.0,1.0,0.0,0.0,0.0,0.0,363
run_04,polar_session_2026-02-04_09-57-46::run_04,polar_session_2026-02-04_09-57-46,primary,elevation,2.0,low,1,8342,3,success,,160.78399999999965,201.0589599609375,8642.0,-1.1640513601209368,160.784,188.099930878308,8642.0,-1.2023430399150383,1.0,1.0,0.0,0.0,0.0,-12.959029082629513,12.959029082629513,-0.03829167979410153,0.03829167979410153,1.0,1.0,0.0,0.0,0.0,0.0,162
run_04,polar_session_2026-02-04_09-57-46::run_04,polar_session_2026-02-04_09-57-46,primary,elevation,2.0,low,2,8443,3,success,,160.78399999999965,201.0589599609375,8642.0,-1.1640513601209368,160.784,188.17415843424988,8642.0,-1.2021237103814828,1.0,1.0,0.0,0.0,0.0,-12.884801526687625,12.884801526687625,-0.038072350260546006,0.038072350260546006,1.0,1.0,0.0,0.0,0.0,0.0,162
run_04,polar_session_2026-02-04_09-57-46::run_04,polar_session_2026-02-04_09-57-46,primary,elevation,2.0,low,3,8544,3,success,,160.78399999999965,201.0589599609375,8642.0,-1.1640513601209368,160.784,187.26388111147503,8642.0,-1.204813421743752,1.0,1.0,0.0,0.0,0.0,-13.79507884946247,13.79507884946247,-0.04076206162281526,0.04076206162281526,1.0,1.0,0.0,0.0,0.0,0.0,162
run_04,polar_session_2026-02-04_09-57-46::run_04,polar_session_2026-02-04_09-57-46,primary,elevation,2.0,low,4,8645,3,success,,160.78399999999965,201.0589599609375,8642.0,-1.1640513601209368,160.784,187.60149172844513,8642.0,-1.2038158410177826,1.0,1.0,0.0,0.0,0.0,-13.457468232492374,13.457468232492374,-0.03976448089684581,0.03976448089684581,1.0,1.0,0.0,0.0,0.0,0.0,162
run_04,polar_session_2026-02-04_09-57-46::run_04,polar_session_2026-02-04_09-57-46,primary,elevation,2.0,low,5,8746,3,success,,160.78399999999965,201.0589599609375,8642.0,-1.1640513601209368,160.784,189.28110391822952,8642.0,-1.198852878766567,1.0,1.0,0.0,0.0,0.0,-11.777856042707981,11.777856042707981,-0.0348015186456303,0.0348015186456303,1.0,1.0,0.0,0.0,0.0,0.0,162
run_04,polar_session_2026-02-04_09-57-46::run_04,polar_session_2026-02-04_09-57-46,primary,elevation,5.0,medium,1,8347,3,success,,160.78399999999965,201.0589599609375,8642.0,-1.1640513601209368,160.784,189.930393676917,8642.0,-1.1969343403193793,1.0,1.0,0.0,0.0,0.0,-11.128566284020508,11.128566284020508,-0.03288298019844249,0.03288298019844249,1.0,1.0,0.0,0.0,0.0,0.0,162
run_04,polar_session_2026-02-04_09-57-46::run_04,polar_session_2026-02-04_09-57-46,primary,elevation,5.0,medium,2,8448,3,success,,160.78399999999965,201.0589599609375,8642.0,-1.1640513601209368,160.784,190.77441497431687,8642.0,-1.1944404040025947,1.0,1.0,0.0,0.0,0.0,-10.28454498662063,10.28454498662063,-0.030389043881657862,0.030389043881657862,1.0,1.0,0.0,0.0,0.0,0.0,162
run_04,polar_session_2026-02-04_09-57-46::run_04,polar_session_2026-02-04_09-57-46,primary,elevation,5.0,medium,3,8549,3,success,,160.78399999999965,201.0589599609375,8642.0,-1.1640513601209368,160.784,193.26636434356283,8642.0,-1.1870771264991755,1.0,1.0,0.0,0.0,0.0,-7.792595617374673,7.792595617374673,-0.02302576637823872,0.02302576637823872,1.0,1.0,0.0,0.0,0.0,0.0,162
run_04,polar_session_2026-02-04_09-57-46::run_04,polar_session_2026-02-04_09-57-46,primary,elevation,5.0,medium,4,8650,3,success,,160.78399999999965,201.0589599609375,8642.0,-1.1640513601209368,160.784,197.24967624493934,8642.0,-1.1753071317815935,1.0,1.0,0.0,0.0,0.0,-3.8092837159981627,3.8092837159981627,-0.011255771660656722,0.011255771660656722,1.0,1.0,0.0,0.0,0.0,0.0,162
run_04,polar_session_2026-02-04_09-57-46::run_04,polar_session_2026-02-04_09-57-46,primary,elevation,5.0,medium,5,8751,3,success,,160.78399999999965,201.0589599609375,8642.0,-1.1640513601209368,160.784,191.45032798071247,8642.0,-1.1924431984832196,1.0,1.0,0.0,0.0,0.0,-9.608631980225027,9.608631980225027,-0.028391838362282762,0.028391838362282762,1.0,1.0,0.0,0.0,0.0,0.0,162
run_04,polar_session_2026-02-04_09-57-46::run_04,polar_session_2026-02-04_09-57-46,primary,position,2.0,low,1,8352,3,success,,160.78399999999965,201.0589599609375,8642.0,-1.1640513601209368,160.784,187.57568359375,8642.0,-1.2038920995726117,1.0,1.0,0.0,0.0,0.0,-13.4832763671875,13.4832763671875,-0.03984073945167488,0.03984073945167488,1.0,1.0,0.0,0.0,0.0,0.0,162
run_04,polar_session_2026-02-04_09-57-46::run_04,polar_session_2026-02-04_09-57-46,primary,position,2.0,low,2,8453,3,success,,160.78399999999965,201.0589599609375,8642.0,-1.1640513601209368,160.784,187.57568359375,8642.0,-1.2038920995726117,1.0,1.0,0.0,0.0,0.0,-13.4832763671875,13.4832763671875,-0.03984073945167488,0.03984073945167488,1.0,1.0,0.0,0.0,0.0,0.0,162
run_04,polar_session_2026-02-04_09-57-46::run_04,polar_session_2026-02-04_09-57-46,primary,position,2.0,low,3,8554,3,success,,160.78399999999965,201.0589599609375,8642.0,-1.1640513601209368,160.784,187.57568359375,8642.0,-1.2038920995726117,1.0,1.0,0.0,0.0,0.0,-13.4832763671875,13.4832763671875,-0.03984073945167488,0.03984073945167488,1.0,1.0,0.0,0.0,0.0,0.0,162
run_04,polar_session_2026-02-04_09-57-46::run_04,polar_session_2026-02-04_09-57-46,primary,position,2.0,low,4,8655,3,success,,160.78399999999965,201.0589599609375,8642.0,-1.1640513601209368,160.784,187.57568359375,8642.0,-1.2038920995726117,1.0,1.0,0.0,0.0,0.0,-13.4832763671875,13.4832763671875,-0.03984073945167488,0.03984073945167488,1.0,1.0,0.0,0.0,0.0,0.0,162
run_04,polar_session_2026-02-04_09-57-46::run_04,polar_session_2026-02-04_09-57-46,primary,position,2.0,low,5,8756,3,success,,160.78399999999965,201.0589599609375,8642.0,-1.1640513601209368,160.784,187.57568359375,8642.0,-1.2038920995726117,1.0,1.0,0.0,0.0,0.0,-13.4832763671875,13.4832763671875,-0.03984073945167488,0.03984073945167488,1.0,1.0,0.0,0.0,0.0,0.0,162
run_04,polar_session_2026-02-04_09-57-46::run_04,polar_session_2026-02-04_09-57-46,primary,position,5.0,medium,1,8357,3,success,,160.78399999999965,201.0589599609375,8642.0,-1.1640513601209368,160.784,187.57568359375,8642.0,-1.2038920995726117,1.0,1.0,0.0,0.0,0.0,-13.4832763671875,13.4832763671875,-0.03984073945167488,0.03984073945167488,1.0,1.0,0.0,0.0,0.0,0.0,162
run_04,polar_session_2026-02-04_09-57-46::run_04,polar_session_2026-02-04_09-57-46,primary,position,5.0,medium,2,8458,3,success,,160.78399999999965,201.0589599609375,8642.0,-1.1640513601209368,160.784,187.57568359375,8642.0,-1.2038920995726117,1.0,1.0,0.0,0.0,0.0,-13.4832763671875,13.4832763671875,-0.03984073945167488,0.03984073945167488,1.0,1.0,0.0,0.0,0.0,0.0,162
run_04,polar_session_2026-02-04_09-57-46::run_04,polar_session_2026-02-04_09-57-46,primary,position,5.0,medium,3,8559,3,success,,160.78399999999965,201.0589599609375,8642.0,-1.1640513601209368,160.784,187.57568359375,8642.0,-1.2038920995726117,1.0,1.0,0.0,0.0,0.0,-13.4832763671875,13.4832763671875,-0.03984073945167488,0.03984073945167488,1.0,1.0,0.0,0.0,0.0,0.0,162
run_04,polar_session_2026-02-04_09-57-46::run_04,polar_session_2026-02-04_09-57-46,primary,position,5.0,medium,4,8660,3,success,,160.78399999999965,201.0589599609375,8642.0,-1.1640513601209368,160.784,187.57568359375,8642.0,-1.2038920995726117,1.0,1.0,0.0,0.0,0.0,-13.4832763671875,13.4832763671875,-0.03984073945167488,0.03984073945167488,1.0,1.0,0.0,0.0,0.0,0.0,162
run_04,polar_session_2026-02-04_09-57-46::run_04,polar_session_2026-02-04_09-57-46,primary,position,5.0,medium,5,8761,3,success,,160.78399999999965,201.0589599609375,8642.0,-1.1640513601209368,160.784,194.3289794921875,8642.0,-1.1839372833245014,1.0,1.0,0.0,0.0,0.0,-6.72998046875,6.72998046875,-0.019885923203564637,0.019885923203564637,1.0,1.0,0.0,0.0,0.0,0.0,162
run_04,polar_session_2026-02-04_09-57-46::run_04,polar_session_2026-02-04_09-57-46,primary,sampling,2.0,low,1,8362,3,success,,160.78399999999965,201.0589599609375,8642.0,-1.1640513601209368,159.775,178.9486083984375,8581.0,-1.2331375260616517,0.9937244999502439,0.9937244999502439,0.0,1.009,0.5045,-22.1103515625,22.1103515625,-0.06908616594071493,0.06908616594071493,1.0,1.0,0.0,0.0,0.0,0.0,81
run_04,polar_session_2026-02-04_09-57-46::run_04,polar_session_2026-02-04_09-57-46,primary,sampling,2.0,low,2,8463,3,success,,160.78399999999965,201.0589599609375,8642.0,-1.1640513601209368,159.775,178.9486083984375,8581.0,-1.2331375260616517,0.9937244999502439,0.9937244999502439,0.0,1.009,0.5045,-22.1103515625,22.1103515625,-0.06908616594071493,0.06908616594071493,1.0,1.0,0.0,0.0,0.0,0.0,81
run_04,polar_session_2026-02-04_09-57-46::run_04,polar_session_2026-02-04_09-57-46,primary,sampling,2.0,low,3,8564,3,success,,160.78399999999965,201.0589599609375,8642.0,-1.1640513601209368,159.775,178.9486083984375,8581.0,-1.2331375260616517,0.9937244999502439,0.9937244999502439,0.0,1.009,0.5045,-22.1103515625,22.1103515625,-0.06908616594071493,0.06908616594071493,1.0,1.0,0.0,0.0,0.0,0.0,81
run_04,polar_session_2026-02-04_09-57-46::run_04,polar_session_2026-02-04_09-57-46,primary,sampling,2.0,low,4,8665,3,success,,160.78399999999965,201.0589599609375,8642.0,-1.1640513601209368,159.775,178.9486083984375,8581.0,-1.2331375260616517,0.9937244999502439,0.9937244999502439,0.0,1.009,0.5045,-22.1103515625,22.1103515625,-0.06908616594071493,0.06908616594071493,1.0,1.0,0.0,0.0,0.0,0.0,81
run_04,polar_session_2026-02-04_09-57-46::run_04,polar_session_2026-02-04_09-57-46,primary,sampling,2.0,low,5,8766,3,success,,160.78399999999965,201.0589599609375,8642.0,-1.1640513601209368,159.775,178.9486083984375,8581.0,-1.2331375260616517,0.9937244999502439,0.9937244999502439,0.0,1.009,0.5045,-22.1103515625,22.1103515625,-0.06908616594071493,0.06908616594071493,1.0,1.0,0.0,0.0,0.0,0.0,81
run_04,polar_session_2026-02-04_09-57-46::run_04,polar_session_2026-02-04_09-57-46,primary,sampling,3.0,medium,1,8367,3,success,,160.78399999999965,201.0589599609375,8642.0,-1.1640513601209368,158.295,175.373779296875,8458.0,-1.2512699005373582,0.9845196039406906,0.9845196039406906,0.0,2.489,1.2445,-25.6851806640625,25.6851806640625,-0.08721854041642141,0.08721854041642141,1.0,1.0,0.0,0.0,0.0,0.0,54
run_04,polar_session_2026-02-04_09-57-46::run_04,polar_session_2026-02-04_09-57-46,primary,sampling,3.0,medium,2,8468,3,success,,160.78399999999965,201.0589599609375,8642.0,-1.1640513601209368,158.295,175.373779296875,8458.0,-1.2512699005373582,0.9845196039406906,0.9845196039406906,0.0,2.489,1.2445,-25.6851806640625,25.6851806640625,-0.08721854041642141,0.08721854041642141,1.0,1.0,0.0,0.0,0.0,0.0,54
run_04,polar_session_2026-02-04_09-57-46::run_04,polar_session_2026-02-04_09-57-46,primary,sampling,3.0,medium,3,8569,3,success,,160.78399999999965,201.0589599609375,8642.0,-1.1640513601209368,158.295,175.373779296875,8458.0,-1.2512699005373582,0.9845196039406906,0.9845196039406906,0.0,2.489,1.2445,-25.6851806640625,25.6851806640625,-0.08721854041642141,0.08721854041642141,1.0,1.0,0.0,0.0,0.0,0.0,54
run_04,polar_session_2026-02-04_09-57-46::run_04,polar_session_2026-02-04_09-57-46,primary,sampling,3.0,medium,4,8670,3,success,,160.78399999999965,201.0589599609375,8642.0,-1.1640513601209368,158.295,175.373779296875,8458.0,-1.2512699005373582,0.9845196039406906,0.9845196039406906,0.0,2.489,1.2445,-25.6851806640625,25.6851806640625,-0.08721854041642141,0.08721854041642141,1.0,1.0,0.0,0.0,0.0,0.0,54
run_04,polar_session_2026-02-04_09-57-46::run_04,polar_session_2026-02-04_09-57-46,primary,sampling,3.0,medium,5,8771,3,success,,160.78399999999965,201.0589599609375,8642.0,-1.1640513601209368,158.295,175.373779296875,8458.0,-1.2512699005373582,0.9845196039406906,0.9845196039406906,0.0,2.489,1.2445,-25.6851806640625,25.6851806640625,-0.08721854041642141,0.08721854041642141,1.0,1.0,0.0,0.0,0.0,0.0,54
run_04,polar_session_2026-02-04_09-57-46::run_04,polar_session_2026-02-04_09-57-46,primary,temporal,0.75,low,1,8372,3,success,,160.78399999999965,201.0589599609375,8642.0,-1.1640513601209368,160.784,187.57568359375,8642.0,-1.2038920995726117,1.0,1.0,0.0,0.0,0.0,-13.4832763671875,13.4832763671875,-0.03984073945167488,0.03984073945167488,1.0,1.0,0.0,0.0,0.0,0.0,162
run_04,polar_session_2026-02-04_09-57-46::run_04,polar_session_2026-02-04_09-57-46,primary,temporal,0.75,low,2,8473,3,success,,160.78399999999965,201.0589599609375,8642.0,-1.1640513601209368,160.784,187.57568359375,8642.0,-1.2038920995726117,1.0,1.0,0.0,0.0,0.0,-13.4832763671875,13.4832763671875,-0.03984073945167488,0.03984073945167488,1.0,1.0,0.0,0.0,0.0,0.0,162
run_04,polar_session_2026-02-04_09-57-46::run_04,polar_session_2026-02-04_09-57-46,primary,temporal,0.75,low,3,8574,3,success,,160.78399999999965,201.0589599609375,8642.0,-1.1640513601209368,160.784,187.57568359375,8642.0,-1.2038920995726117,1.0,1.0,0.0,0.0,0.0,-13.4832763671875,13.4832763671875,-0.03984073945167488,0.03984073945167488,1.0,1.0,0.0,0.0,0.0,0.0,162
run_04,polar_session_2026-02-04_09-57-46::run_04,polar_session_2026-02-04_09-57-46,primary,temporal,0.75,low,4,8675,3,success,,160.78399999999965,201.0589599609375,8642.0,-1.1640513601209368,160.784,187.57568359375,8642.0,-1.2038920995726117,1.0,1.0,0.0,0.0,0.0,-13.4832763671875,13.4832763671875,-0.03984073945167488,0.03984073945167488,1.0,1.0,0.0,0.0,0.0,0.0,162
run_04,polar_session_2026-02-04_09-57-46::run_04,polar_session_2026-02-04_09-57-46,primary,temporal,0.75,low,5,8776,3,success,,160.78399999999965,201.0589599609375,8642.0,-1.1640513601209368,160.784,187.57568359375,8642.0,-1.2038920995726117,1.0,1.0,0.0,0.0,0.0,-13.4832763671875,13.4832763671875,-0.03984073945167488,0.03984073945167488,1.0,1.0,0.0,0.0,0.0,0.0,162
run_04,polar_session_2026-02-04_09-57-46::run_04,polar_session_2026-02-04_09-57-46,primary,temporal,1.5,medium,1,8377,3,success,,160.78399999999965,201.0589599609375,8642.0,-1.1640513601209368,160.784,187.57568359375,8642.0,-1.2038920995726117,1.0,1.0,0.0,0.0,0.0,-13.4832763671875,13.4832763671875,-0.03984073945167488,0.03984073945167488,1.0,1.0,0.0,0.0,0.0,0.0,162
run_04,polar_session_2026-02-04_09-57-46::run_04,polar_session_2026-02-04_09-57-46,primary,temporal,1.5,medium,2,8478,3,success,,160.78399999999965,201.0589599609375,8642.0,-1.1640513601209368,160.784,187.57568359375,8642.0,-1.2038920995726117,1.0,1.0,0.0,0.0,0.0,-13.4832763671875,13.4832763671875,-0.03984073945167488,0.03984073945167488,1.0,1.0,0.0,0.0,0.0,0.0,162
run_04,polar_session_2026-02-04_09-57-46::run_04,polar_session_2026-02-04_09-57-46,primary,temporal,1.5,medium,3,8579,3,success,,160.78399999999965,201.0589599609375,8642.0,-1.1640513601209368,160.784,187.57568359375,8642.0,-1.2038920995726117,1.0,1.0,0.0,0.0,0.0,-13.4832763671875,13.4832763671875,-0.03984073945167488,0.03984073945167488,1.0,1.0,0.0,0.0,0.0,0.0,162
run_04,polar_session_2026-02-04_09-57-46::run_04,polar_session_2026-02-04_09-57-46,primary,temporal,1.5,medium,4,8680,3,success,,160.78399999999965,201.0589599609375,8642.0,-1.1640513601209368,160.784,187.57568359375,8642.0,-1.2038920995726117,1.0,1.0,0.0,0.0,0.0,-13.4832763671875,13.4832763671875,-0.03984073945167488,0.03984073945167488,1.0,1.0,0.0,0.0,0.0,0.0,162
run_04,polar_session_2026-02-04_09-57-46::run_04,polar_session_2026-02-04_09-57-46,primary,temporal,1.5,medium,5,8781,3,success,,160.78399999999965,201.0589599609375,8642.0,-1.1640513601209368,160.784,187.57568359375,8642.0,-1.2038920995726117,1.0,1.0,0.0,0.0,0.0,-13.4832763671875,13.4832763671875,-0.03984073945167488,0.03984073945167488,1.0,1.0,0.0,0.0,0.0,0.0,162
run_05,polar_session_2026-02-04_09-57-46::run_05,polar_session_2026-02-04_09-57-46,primary,elevation,2.0,low,1,9342,3,success,,89.70399999999972,98.8759765625,6033.0,-1.6265412411250528,89.704,95.78270196668836,6033.0,-1.6356813302152775,1.0,1.0,0.0,0.0,0.0,-3.0932745958116357,3.0932745958116357,-0.009140089090224679,0.009140089090224679,1.0,1.0,0.0,0.0,0.0,0.0,91
run_05,polar_session_2026-02-04_09-57-46::run_05,polar_session_2026-02-04_09-57-46,primary,elevation,2.0,low,2,9443,3,success,,89.70399999999972,98.8759765625,6033.0,-1.6265412411250528,89.704,92.84232132456032,6033.0,-1.644369644231955,1.0,1.0,0.0,0.0,0.0,-6.0336552379396835,6.0336552379396835,-0.017828403106902257,0.017828403106902257,1.0,1.0,0.0,0.0,0.0,0.0,91
run_05,polar_session_2026-02-04_09-57-46::run_05,polar_session_2026-02-04_09-57-46,primary,elevation,2.0,low,3,9544,3,success,,89.70399999999972,98.8759765625,6033.0,-1.6265412411250528,89.704,93.26086638952756,6033.0,-1.6431329162714776,1.0,1.0,0.0,0.0,0.0,-5.615110172972436,5.615110172972436,-0.01659167514642479,0.01659167514642479,1.0,1.0,0.0,0.0,0.0,0.0,91
run_05,polar_session_2026-02-04_09-57-46::run_05,polar_session_2026-02-04_09-57-46,primary,elevation,2.0,low,4,9645,3,success,,89.70399999999972,98.8759765625,6033.0,-1.6265412411250528,89.704,94.89735376422163,6033.0,-1.6382973803575356,1.0,1.0,0.0,0.0,0.0,-3.9786227982783657,3.9786227982783657,-0.011756139232482754,0.011756139232482754,1.0,1.0,0.0,0.0,0.0,0.0,91
run_05,polar_session_2026-02-04_09-57-46::run_05,polar_session_2026-02-04_09-57-46,primary,elevation,2.0,low,5,9746,3,success,,89.70399999999972,98.8759765625,6033.0,-1.6265412411250528,89.704,94.47557242789776,6033.0,-1.639543670937691,1.0,1.0,0.0,0.0,0.0,-4.4004041346022404,4.4004041346022404,-0.013002429812638105,0.013002429812638105,1.0,1.0,0.0,0.0,0.0,0.0,91
run_05,polar_session_2026-02-04_09-57-46::run_05,polar_session_2026-02-04_09-57-46,primary,elevation,5.0,medium,1,9347,3,success,,89.70399999999972,98.8759765625,6033.0,-1.6265412411250528,89.704,98.43941088939869,6033.0,-1.6278312168521616,1.0,1.0,0.0,0.0,0.0,-0.4365656731013132,0.4365656731013132,-0.0012899757271087609,0.0012899757271087609,1.0,1.0,0.0,0.0,0.0,0.0,91
run_05,polar_session_2026-02-04_09-57-46::run_05,polar_session_2026-02-04_09-57-46,primary,elevation,5.0,medium,2,9448,3,success,,89.70399999999972,98.8759765625,6033.0,-1.6265412411250528,89.704,94.95734323814213,6033.0,-1.6381201218830208,1.0,1.0,0.0,0.0,0.0,-3.91863332435787,3.91863332435787,-0.01157888075796798,0.01157888075796798,1.0,1.0,0.0,0.0,0.0,0.0,91
run_05,polar_session_2026-02-04_09-57-46::run_05,polar_session_2026-02-04_09-57-46,primary,elevation,5.0,medium,3,9549,3,success,,89.70399999999972,98.8759765625,6033.0,-1.6265412411250528,89.704,90.9664358049854,6033.0,-1.6499125600775748,1.0,1.0,0.0,0.0,0.0,-7.9095407575146055,7.9095407575146055,-0.02337131895252198,0.02337131895252198,1.0,1.0,0.0,0.0,0.0,0.0,91
run_05,polar_session_2026-02-04_09-57-46::run_05,polar_session_2026-02-04_09-57-46,primary,elevation,5.0,medium,4,9650,3,success,,89.70399999999972,98.8759765625,6033.0,-1.6265412411250528,89.704,93.41551422058592,6033.0,-1.6426759587949582,1.0,1.0,0.0,0.0,0.0,-5.460462341914081,5.460462341914081,-0.016134717669905374,0.016134717669905374,1.0,1.0,0.0,0.0,0.0,0.0,91
run_05,polar_session_2026-02-04_09-57-46::run_05,polar_session_2026-02-04_09-57-46,primary,elevation,5.0,medium,5,9751,3,success,,89.70399999999972,98.8759765625,6033.0,-1.6265412411250528,89.704,87.27561411876513,6033.0,-1.6608182970185705,1.0,1.0,0.0,0.0,0.0,-11.600362443734866,11.600362443734866,-0.034277055893517705,0.034277055893517705,1.0,1.0,0.0,0.0,0.0,0.0,91
run_05,polar_session_2026-02-04_09-57-46::run_05,polar_session_2026-02-04_09-57-46,primary,position,2.0,low,1,9352,3,success,,89.70399999999972,98.8759765625,6033.0,-1.6265412411250528,89.704,93.33740234375,6033.0,-1.6429067658220007,1.0,1.0,0.0,0.0,0.0,-5.53857421875,5.53857421875,-0.016365524696947853,0.016365524696947853,1.0,1.0,0.0,0.0,0.0,0.0,91
run_05,polar_session_2026-02-04_09-57-46::run_05,polar_session_2026-02-04_09-57-46,primary,position,2.0,low,2,9453,3,success,,89.70399999999972,98.8759765625,6033.0,-1.6265412411250528,89.704,93.33740234375,6033.0,-1.6429067658220007,1.0,1.0,0.0,0.0,0.0,-5.53857421875,5.53857421875,-0.016365524696947853,0.016365524696947853,1.0,1.0,0.0,0.0,0.0,0.0,91
run_05,polar_session_2026-02-04_09-57-46::run_05,polar_session_2026-02-04_09-57-46,primary,position,2.0,low,3,9554,3,success,,89.70399999999972,98.8759765625,6033.0,-1.6265412411250528,89.704,93.33740234375,6033.0,-1.6429067658220007,1.0,1.0,0.0,0.0,0.0,-5.53857421875,5.53857421875,-0.016365524696947853,0.016365524696947853,1.0,1.0,0.0,0.0,0.0,0.0,91
run_05,polar_session_2026-02-04_09-57-46::run_05,polar_session_2026-02-04_09-57-46,primary,position,2.0,low,4,9655,3,success,,89.70399999999972,98.8759765625,6033.0,-1.6265412411250528,89.704,93.33740234375,6033.0,-1.6429067658220007,1.0,1.0,0.0,0.0,0.0,-5.53857421875,5.53857421875,-0.016365524696947853,0.016365524696947853,1.0,1.0,0.0,0.0,0.0,0.0,91
run_05,polar_session_2026-02-04_09-57-46::run_05,polar_session_2026-02-04_09-57-46,primary,position,2.0,low,5,9756,3,success,,89.70399999999972,98.8759765625,6033.0,-1.6265412411250528,89.704,93.33740234375,6033.0,-1.6429067658220007,1.0,1.0,0.0,0.0,0.0,-5.53857421875,5.53857421875,-0.016365524696947853,0.016365524696947853,1.0,1.0,0.0,0.0,0.0,0.0,91
run_05,polar_session_2026-02-04_09-57-46::run_05,polar_session_2026-02-04_09-57-46,primary,position,5.0,medium,1,9357,3,success,,89.70399999999972,98.8759765625,6033.0,-1.6265412411250528,89.704,93.33740234375,6033.0,-1.6429067658220007,1.0,1.0,0.0,0.0,0.0,-5.53857421875,5.53857421875,-0.016365524696947853,0.016365524696947853,1.0,1.0,0.0,0.0,0.0,0.0,91
run_05,polar_session_2026-02-04_09-57-46::run_05,polar_session_2026-02-04_09-57-46,primary,position,5.0,medium,2,9458,3,success,,89.70399999999972,98.8759765625,6033.0,-1.6265412411250528,89.704,93.33740234375,6033.0,-1.6429067658220007,1.0,1.0,0.0,0.0,0.0,-5.53857421875,5.53857421875,-0.016365524696947853,0.016365524696947853,1.0,1.0,0.0,0.0,0.0,0.0,91
run_05,polar_session_2026-02-04_09-57-46::run_05,polar_session_2026-02-04_09-57-46,primary,position,5.0,medium,3,9559,3,success,,89.70399999999972,98.8759765625,6033.0,-1.6265412411250528,89.704,93.33740234375,6033.0,-1.6429067658220007,1.0,1.0,0.0,0.0,0.0,-5.53857421875,5.53857421875,-0.016365524696947853,0.016365524696947853,1.0,1.0,0.0,0.0,0.0,0.0,91
run_05,polar_session_2026-02-04_09-57-46::run_05,polar_session_2026-02-04_09-57-46,primary,position,5.0,medium,4,9660,3,success,,89.70399999999972,98.8759765625,6033.0,-1.6265412411250528,89.704,97.220947265625,6033.0,-1.6314315651980762,1.0,1.0,0.0,0.0,0.0,-1.655029296875,1.655029296875,-0.004890324073023367,0.004890324073023367,1.0,1.0,0.0,0.0,0.0,0.0,91
run_05,polar_session_2026-02-04_09-57-46::run_05,polar_session_2026-02-04_09-57-46,primary,position,5.0,medium,5,9761,3,success,,89.70399999999972,98.8759765625,6033.0,-1.6265412411250528,89.704,93.33740234375,6033.0,-1.6429067658220007,1.0,1.0,0.0,0.0,0.0,-5.53857421875,5.53857421875,-0.016365524696947853,0.016365524696947853,1.0,1.0,0.0,0.0,0.0,0.0,91
run_05,polar_session_2026-02-04_09-57-46::run_05,polar_session_2026-02-04_09-57-46,primary,sampling,2.0,low,1,9362,3,success,,89.70399999999972,98.8759765625,6033.0,-1.6265412411250528,89.704,87.601806640625,6033.0,-1.6598544547801863,1.0,1.0,0.0,0.0,0.0,-11.274169921875,11.274169921875,-0.03331321365513351,0.03331321365513351,1.0,1.0,0.0,0.0,0.0,0.0,46
run_05,polar_session_2026-02-04_09-57-46::run_05,polar_session_2026-02-04_09-57-46,primary,sampling,2.0,low,2,9463,3,success,,89.70399999999972,98.8759765625,6033.0,-1.6265412411250528,89.704,87.601806640625,6033.0,-1.6598544547801863,1.0,1.0,0.0,0.0,0.0,-11.274169921875,11.274169921875,-0.03331321365513351,0.03331321365513351,1.0,1.0,0.0,0.0,0.0,0.0,46
run_05,polar_session_2026-02-04_09-57-46::run_05,polar_session_2026-02-04_09-57-46,primary,sampling,2.0,low,3,9564,3,success,,89.70399999999972,98.8759765625,6033.0,-1.6265412411250528,89.704,87.601806640625,6033.0,-1.6598544547801863,1.0,1.0,0.0,0.0,0.0,-11.274169921875,11.274169921875,-0.03331321365513351,0.03331321365513351,1.0,1.0,0.0,0.0,0.0,0.0,46
run_05,polar_session_2026-02-04_09-57-46::run_05,polar_session_2026-02-04_09-57-46,primary,sampling,2.0,low,4,9665,3,success,,89.70399999999972,98.8759765625,6033.0,-1.6265412411250528,89.704,87.601806640625,6033.0,-1.6598544547801863,1.0,1.0,0.0,0.0,0.0,-11.274169921875,11.274169921875,-0.03331321365513351,0.03331321365513351,1.0,1.0,0.0,0.0,0.0,0.0,46
run_05,polar_session_2026-02-04_09-57-46::run_05,polar_session_2026-02-04_09-57-46,primary,sampling,2.0,low,5,9766,3,success,,89.70399999999972,98.8759765625,6033.0,-1.6265412411250528,89.704,87.601806640625,6033.0,-1.6598544547801863,1.0,1.0,0.0,0.0,0.0,-11.274169921875,11.274169921875,-0.03331321365513351,0.03331321365513351,1.0,1.0,0.0,0.0,0.0,0.0,46
run_05,polar_session_2026-02-04_09-57-46::run_05,polar_session_2026-02-04_09-57-46,primary,sampling,3.0,medium,1,9367,3,success,,89.70399999999972,98.8759765625,6033.0,-1.6265412411250528,89.704,86.9041748046875,6033.0,-1.661915835668026,1.0,1.0,0.0,0.0,0.0,-11.9718017578125,11.9718017578125,-0.03537459454297309,0.03537459454297309,1.0,1.0,0.0,0.0,0.0,0.0,31
run_05,polar_session_2026-02-04_09-57-46::run_05,polar_session_2026-02-04_09-57-46,primary,sampling,3.0,medium,2,9468,3,success,,89.70399999999972,98.8759765625,6033.0,-1.6265412411250528,89.704,86.9041748046875,6033.0,-1.661915835668026,1.0,1.0,0.0,0.0,0.0,-11.9718017578125,11.9718017578125,-0.03537459454297309,0.03537459454297309,1.0,1.0,0.0,0.0,0.0,0.0,31
run_05,polar_session_2026-02-04_09-57-46::run_05,polar_session_2026-02-04_09-57-46,primary,sampling,3.0,medium,3,9569,3,success,,89.70399999999972,98.8759765625,6033.0,-1.6265412411250528,89.704,86.9041748046875,6033.0,-1.661915835668026,1.0,1.0,0.0,0.0,0.0,-11.9718017578125,11.9718017578125,-0.03537459454297309,0.03537459454297309,1.0,1.0,0.0,0.0,0.0,0.0,31
run_05,polar_session_2026-02-04_09-57-46::run_05,polar_session_2026-02-04_09-57-46,primary,sampling,3.0,medium,4,9670,3,success,,89.70399999999972,98.8759765625,6033.0,-1.6265412411250528,89.704,86.9041748046875,6033.0,-1.661915835668026,1.0,1.0,0.0,0.0,0.0,-11.9718017578125,11.9718017578125,-0.03537459454297309,0.03537459454297309,1.0,1.0,0.0,0.0,0.0,0.0,31
run_05,polar_session_2026-02-04_09-57-46::run_05,polar_session_2026-02-04_09-57-46,primary,sampling,3.0,medium,5,9771,3,success,,89.70399999999972,98.8759765625,6033.0,-1.6265412411250528,89.704,86.9041748046875,6033.0,-1.661915835668026,1.0,1.0,0.0,0.0,0.0,-11.9718017578125,11.9718017578125,-0.03537459454297309,0.03537459454297309,1.0,1.0,0.0,0.0,0.0,0.0,31
run_05,polar_session_2026-02-04_09-57-46::run_05,polar_session_2026-02-04_09-57-46,primary,temporal,0.75,low,1,9372,3,success,,89.70399999999972,98.8759765625,6033.0,-1.6265412411250528,89.704,93.33740234375,6033.0,-1.6429067658220007,1.0,1.0,0.0,0.0,0.0,-5.53857421875,5.53857421875,-0.016365524696947853,0.016365524696947853,1.0,1.0,0.0,0.0,0.0,0.0,91
run_05,polar_session_2026-02-04_09-57-46::run_05,polar_session_2026-02-04_09-57-46,primary,temporal,0.75,low,2,9473,3,success,,89.70399999999972,98.8759765625,6033.0,-1.6265412411250528,89.704,93.33740234375,6033.0,-1.6429067658220007,1.0,1.0,0.0,0.0,0.0,-5.53857421875,5.53857421875,-0.016365524696947853,0.016365524696947853,1.0,1.0,0.0,0.0,0.0,0.0,91
run_05,polar_session_2026-02-04_09-57-46::run_05,polar_session_2026-02-04_09-57-46,primary,temporal,0.75,low,3,9574,3,success,,89.70399999999972,98.8759765625,6033.0,-1.6265412411250528,89.704,93.33740234375,6033.0,-1.6429067658220007,1.0,1.0,0.0,0.0,0.0,-5.53857421875,5.53857421875,-0.016365524696947853,0.016365524696947853,1.0,1.0,0.0,0.0,0.0,0.0,91
run_05,polar_session_2026-02-04_09-57-46::run_05,polar_session_2026-02-04_09-57-46,primary,temporal,0.75,low,4,9675,3,success,,89.70399999999972,98.8759765625,6033.0,-1.6265412411250528,89.704,93.33740234375,6033.0,-1.6429067658220007,1.0,1.0,0.0,0.0,0.0,-5.53857421875,5.53857421875,-0.016365524696947853,0.016365524696947853,1.0,1.0,0.0,0.0,0.0,0.0,91
run_05,polar_session_2026-02-04_09-57-46::run_05,polar_session_2026-02-04_09-57-46,primary,temporal,0.75,low,5,9776,3,success,,89.70399999999972,98.8759765625,6033.0,-1.6265412411250528,89.704,93.33740234375,6033.0,-1.6429067658220007,1.0,1.0,0.0,0.0,0.0,-5.53857421875,5.53857421875,-0.016365524696947853,0.016365524696947853,1.0,1.0,0.0,0.0,0.0,0.0,91
run_05,polar_session_2026-02-04_09-57-46::run_05,polar_session_2026-02-04_09-57-46,primary,temporal,1.5,medium,1,9377,3,success,,89.70399999999972,98.8759765625,6033.0,-1.6265412411250528,89.704,93.33740234375,6033.0,-1.6429067658220007,1.0,1.0,0.0,0.0,0.0,-5.53857421875,5.53857421875,-0.016365524696947853,0.016365524696947853,1.0,1.0,0.0,0.0,0.0,0.0,91
run_05,polar_session_2026-02-04_09-57-46::run_05,polar_session_2026-02-04_09-57-46,primary,temporal,1.5,medium,2,9478,3,success,,89.70399999999972,98.8759765625,6033.0,-1.6265412411250528,89.704,93.33740234375,6033.0,-1.6429067658220007,1.0,1.0,0.0,0.0,0.0,-5.53857421875,5.53857421875,-0.016365524696947853,0.016365524696947853,1.0,1.0,0.0,0.0,0.0,0.0,91
run_05,polar_session_2026-02-04_09-57-46::run_05,polar_session_2026-02-04_09-57-46,primary,temporal,1.5,medium,3,9579,3,success,,89.70399999999972,98.8759765625,6033.0,-1.6265412411250528,89.704,93.33740234375,6033.0,-1.6429067658220007,1.0,1.0,0.0,0.0,0.0,-5.53857421875,5.53857421875,-0.016365524696947853,0.016365524696947853,1.0,1.0,0.0,0.0,0.0,0.0,91
run_05,polar_session_2026-02-04_09-57-46::run_05,polar_session_2026-02-04_09-57-46,primary,temporal,1.5,medium,4,9680,3,success,,89.70399999999972,98.8759765625,6033.0,-1.6265412411250528,89.704,93.33740234375,6033.0,-1.6429067658220007,1.0,1.0,0.0,0.0,0.0,-5.53857421875,5.53857421875,-0.016365524696947853,0.016365524696947853,1.0,1.0,0.0,0.0,0.0,0.0,91
run_05,polar_session_2026-02-04_09-57-46::run_05,polar_session_2026-02-04_09-57-46,primary,temporal,1.5,medium,5,9781,3,success,,89.70399999999972,98.8759765625,6033.0,-1.6265412411250528,89.704,93.33740234375,6033.0,-1.6429067658220007,1.0,1.0,0.0,0.0,0.0,-5.53857421875,5.53857421875,-0.016365524696947853,0.016365524696947853,1.0,1.0,0.0,0.0,0.0,0.0,91
run_06,polar_session_2026-02-04_09-57-46::run_06,polar_session_2026-02-04_09-57-46,primary,elevation,2.0,low,1,10342,3,success,,532.9380000000001,532.1083984375,25070.0,0.8251153960910514,532.938,530.8118622777836,25070.0,0.8212843569635999,1.0,1.0,0.0,0.0,0.0,-1.2965361597164247,1.2965361597164247,-0.00383103912745153,0.00383103912745153,1.0,1.0,0.0,0.0,-0.001915519563725765,0.001915519563725765,534
run_06,polar_session_2026-02-04_09-57-46::run_06,polar_session_2026-02-04_09-57-46,primary,elevation,2.0,low,2,10443,3,success,,532.9380000000001,532.1083984375,25070.0,0.8251153960910514,532.938,530.0684960186854,25070.0,0.8190878387999607,1.0,1.0,0.0,0.0,0.0,-2.039902418814563,2.039902418814563,-0.006027557291090724,0.006027557291090724,1.0,1.0,0.0,0.0,-0.003013778645545362,0.003013778645545362,534
run_06,polar_session_2026-02-04_09-57-46::run_06,polar_session_2026-02-04_09-57-46,primary,elevation,2.0,low,3,10544,3,success,,532.9380000000001,532.1083984375,25070.0,0.8251153960910514,532.938,529.9076798576,25070.0,0.8186126549797272,1.0,1.0,0.0,0.0,0.0,-2.2007185799000126,2.2007185799000126,-0.006502741111324206,0.006502741111324206,1.0,1.0,0.0,0.0,-0.003251370555662103,0.003251370555662103,534
run_06,polar_session_2026-02-04_09-57-46::run_06,polar_session_2026-02-04_09-57-46,primary,elevation,2.0,low,4,10645,3,success,,532.9380000000001,532.1083984375,25070.0,0.8251153960910514,532.938,530.1811420784124,25070.0,0.8194206883384277,1.0,1.0,0.0,0.0,0.0,-1.9272563590875507,1.9272563590875507,-0.005694707752623707,0.005694707752623707,1.0,1.0,0.0,0.0,-0.0028473538763118533,0.0028473538763118533,534
run_06,polar_session_2026-02-04_09-57-46::run_06,polar_session_2026-02-04_09-57-46,primary,elevation,2.0,low,5,10746,3,success,,532.9380000000001,532.1083984375,25070.0,0.8251153960910514,532.938,529.1652846761162,25070.0,0.8164190061817502,1.0,1.0,0.0,0.0,0.0,-2.9431137613837564,2.9431137613837564,-0.008696389909301216,0.008696389909301216,1.0,1.0,0.0,0.0,-0.004348194954650608,0.004348194954650608,534
run_06,polar_session_2026-02-04_09-57-46::run_06,polar_session_2026-02-04_09-57-46,primary,elevation,5.0,medium,1,10347,3,success,,532.9380000000001,532.1083984375,25070.0,0.8251153960910514,532.938,542.6166040631833,25070.0,0.8561653183084955,1.0,1.0,0.0,0.0,0.0,10.508205625683331,10.508205625683331,0.03104992221744407,0.03104992221744407,1.0,0.9761904761904763,0.25,1.0,0.015524961108722035,0.015524961108722035,534
run_06,polar_session_2026-02-04_09-57-46::run_06,polar_session_2026-02-04_09-57-46,primary,elevation,5.0,medium,2,10448,3,success,,532.9380000000001,532.1083984375,25070.0,0.8251153960910514,532.938,536.3211740036031,25070.0,0.8375634160771986,1.0,1.0,0.0,0.0,0.0,4.212775566103119,4.212775566103119,0.012448019986147196,0.012448019986147196,1.0,1.0,0.0,0.0,0.006224009993073598,0.006224009993073598,534
run_06,polar_session_2026-02-04_09-57-46::run_06,polar_session_2026-02-04_09-57-46,primary,elevation,5.0,medium,3,10549,3,success,,532.9380000000001,532.1083984375,25070.0,0.8251153960910514,532.938,531.9840876693349,25070.0,0.8247480793654554,1.0,1.0,0.0,0.0,0.0,-0.12431076816505993,0.12431076816505993,-0.00036731672559608963,0.00036731672559608963,1.0,1.0,0.0,0.0,-0.00018365836279804482,0.00018365836279804482,534
run_06,polar_session_2026-02-04_09-57-46::run_06,polar_session_2026-02-04_09-57-46,primary,elevation,5.0,medium,4,10650,3,success,,532.9380000000001,532.1083984375,25070.0,0.8251153960910514,532.938,531.2853134210611,25070.0,0.8226833228476133,1.0,1.0,0.0,0.0,0.0,-0.8230850164388812,0.8230850164388812,-0.002432073243438193,0.002432073243438193,1.0,1.0,0.0,0.0,-0.0012160366217190965,0.0012160366217190965,534
run_06,polar_session_2026-02-04_09-57-46::run_06,polar_session_2026-02-04_09-57-46,primary,elevation,5.0,medium,5,10751,3,success,,532.9380000000001,532.1083984375,25070.0,0.8251153960910514,532.938,518.0664410669724,25070.0,0.7836238513243687,1.0,1.0,0.0,0.0,0.0,-14.041957370527598,14.041957370527598,-0.04149154476668271,0.04149154476668271,1.0,1.0,0.0,0.0,-0.020745772383341354,0.020745772383341354,534
run_06,polar_session_2026-02-04_09-57-46::run_06,polar_session_2026-02-04_09-57-46,primary,position,2.0,low,1,10352,3,success,,532.9380000000001,532.1083984375,25070.0,0.8251153960910514,532.938,530.453369140625,25070.0,0.820225072018028,1.0,1.0,0.0,0.0,0.0,-1.655029296875,1.655029296875,-0.004890324073023478,0.004890324073023478,1.0,1.0,0.0,0.0,-0.002445162036511739,0.002445162036511739,534
run_06,polar_session_2026-02-04_09-57-46::run_06,polar_session_2026-02-04_09-57-46,primary,position,2.0,low,2,10453,3,success,,532.9380000000001,532.1083984375,25070.0,0.8251153960910514,532.938,530.453369140625,25070.0,0.820225072018028,1.0,1.0,0.0,0.0,0.0,-1.655029296875,1.655029296875,-0.004890324073023478,0.004890324073023478,1.0,1.0,0.0,0.0,-0.002445162036511739,0.002445162036511739,534
run_06,polar_session_2026-02-04_09-57-46::run_06,polar_session_2026-02-04_09-57-46,primary,position,2.0,low,3,10554,3,success,,532.9380000000001,532.1083984375,25070.0,0.8251153960910514,532.938,530.453369140625,25070.0,0.820225072018028,1.0,1.0,0.0,0.0,0.0,-1.655029296875,1.655029296875,-0.004890324073023478,0.004890324073023478,1.0,1.0,0.0,0.0,-0.002445162036511739,0.002445162036511739,534
run_06,polar_session_2026-02-04_09-57-46::run_06,polar_session_2026-02-04_09-57-46,primary,position,2.0,low,4,10655,3,success,,532.9380000000001,532.1083984375,25070.0,0.8251153960910514,532.938,530.147216796875,25070.0,0.8193204450247293,1.0,1.0,0.0,0.0,0.0,-1.961181640625,1.961181640625,-0.005794951066322107,0.005794951066322107,1.0,1.0,0.0,0.0,-0.0028974755331610536,0.0028974755331610536,534
run_06,polar_session_2026-02-04_09-57-46::run_06,polar_session_2026-02-04_09-57-46,primary,position,2.0,low,5,10756,3,success,,532.9380000000001,532.1083984375,25070.0,0.8251153960910514,532.938,530.453369140625,25070.0,0.820225072018028,1.0,1.0,0.0,0.0,0.0,-1.655029296875,1.655029296875,-0.004890324073023478,0.004890324073023478,1.0,1.0,0.0,0.0,-0.002445162036511739,0.002445162036511739,534
run_06,polar_session_2026-02-04_09-57-46::run_06,polar_session_2026-02-04_09-57-46,primary,position,5.0,medium,1,10357,3,success,,532.9380000000001,532.1083984375,25070.0,0.8251153960910514,532.938,530.453369140625,25070.0,0.820225072018028,1.0,1.0,0.0,0.0,0.0,-1.655029296875,1.655029296875,-0.004890324073023478,0.004890324073023478,1.0,1.0,0.0,0.0,-0.002445162036511739,0.002445162036511739,534
run_06,polar_session_2026-02-04_09-57-46::run_06,polar_session_2026-02-04_09-57-46,primary,position,5.0,medium,2,10458,3,success,,532.9380000000001,532.1083984375,25070.0,0.8251153960910514,532.938,530.453369140625,25070.0,0.820225072018028,1.0,1.0,0.0,0.0,0.0,-1.655029296875,1.655029296875,-0.004890324073023478,0.004890324073023478,1.0,1.0,0.0,0.0,-0.002445162036511739,0.002445162036511739,534
run_06,polar_session_2026-02-04_09-57-46::run_06,polar_session_2026-02-04_09-57-46,primary,position,5.0,medium,3,10559,3,success,,532.9380000000001,532.1083984375,25070.0,0.8251153960910514,532.938,530.453369140625,25070.0,0.820225072018028,1.0,1.0,0.0,0.0,0.0,-1.655029296875,1.655029296875,-0.004890324073023478,0.004890324073023478,1.0,1.0,0.0,0.0,-0.002445162036511739,0.002445162036511739,534
run_06,polar_session_2026-02-04_09-57-46::run_06,polar_session_2026-02-04_09-57-46,primary,position,5.0,medium,4,10660,3,success,,532.9380000000001,532.1083984375,25070.0,0.8251153960910514,532.938,530.453369140625,25070.0,0.820225072018028,1.0,1.0,0.0,0.0,0.0,-1.655029296875,1.655029296875,-0.004890324073023478,0.004890324073023478,1.0,1.0,0.0,0.0,-0.002445162036511739,0.002445162036511739,534
run_06,polar_session_2026-02-04_09-57-46::run_06,polar_session_2026-02-04_09-57-46,primary,position,5.0,medium,5,10761,3,success,,532.9380000000001,532.1083984375,25070.0,0.8251153960910514,532.938,530.147216796875,25070.0,0.8193204450247293,1.0,1.0,0.0,0.0,0.0,-1.961181640625,1.961181640625,-0.005794951066322107,0.005794951066322107,1.0,1.0,0.0,0.0,-0.0028974755331610536,0.0028974755331610536,534
run_06,polar_session_2026-02-04_09-57-46::run_06,polar_session_2026-02-04_09-57-46,primary,sampling,2.0,low,1,10362,3,success,,532.9380000000001,532.1083984375,25070.0,0.8251153960910514,531.927,511.9752197265625,25016.0,0.7623022099330499,0.9981029688256421,0.9981029688256421,0.0,1.0110000000000001,0.5055000000000001,-20.1331787109375,20.1331787109375,-0.06281318615800158,0.06281318615800158,1.0,1.0,0.0,0.0,-0.03140659307900079,0.03140659307900079,267
run_06,polar_session_2026-02-04_09-57-46::run_06,polar_session_2026-02-04_09-57-46,primary,sampling,2.0,low,2,10463,3,success,,532.9380000000001,532.1083984375,25070.0,0.8251153960910514,531.927,511.9752197265625,25016.0,0.7623022099330499,0.9981029688256421,0.9981029688256421,0.0,1.0110000000000001,0.5055000000000001,-20.1331787109375,20.1331787109375,-0.06281318615800158,0.06281318615800158,1.0,1.0,0.0,0.0,-0.03140659307900079,0.03140659307900079,267
run_06,polar_session_2026-02-04_09-57-46::run_06,polar_session_2026-02-04_09-57-46,primary,sampling,2.0,low,3,10564,3,success,,532.9380000000001,532.1083984375,25070.0,0.8251153960910514,531.927,511.9752197265625,25016.0,0.7623022099330499,0.9981029688256421,0.9981029688256421,0.0,1.0110000000000001,0.5055000000000001,-20.1331787109375,20.1331787109375,-0.06281318615800158,0.06281318615800158,1.0,1.0,0.0,0.0,-0.03140659307900079,0.03140659307900079,267
run_06,polar_session_2026-02-04_09-57-46::run_06,polar_session_2026-02-04_09-57-46,primary,sampling,2.0,low,4,10665,3,success,,532.9380000000001,532.1083984375,25070.0,0.8251153960910514,531.927,511.9752197265625,25016.0,0.7623022099330499,0.9981029688256421,0.9981029688256421,0.0,1.0110000000000001,0.5055000000000001,-20.1331787109375,20.1331787109375,-0.06281318615800158,0.06281318615800158,1.0,1.0,0.0,0.0,-0.03140659307900079,0.03140659307900079,267
run_06,polar_session_2026-02-04_09-57-46::run_06,polar_session_2026-02-04_09-57-46,primary,sampling,2.0,low,5,10766,3,success,,532.9380000000001,532.1083984375,25070.0,0.8251153960910514,531.927,511.9752197265625,25016.0,0.7623022099330499,0.9981029688256421,0.9981029688256421,0.0,1.0110000000000001,0.5055000000000001,-20.1331787109375,20.1331787109375,-0.06281318615800158,0.06281318615800158,1.0,1.0,0.0,0.0,-0.03140659307900079,0.03140659307900079,267
run_06,polar_session_2026-02-04_09-57-46::run_06,polar_session_2026-02-04_09-57-46,primary,sampling,3.0,medium,1,10367,3,success,,532.9380000000001,532.1083984375,25070.0,0.8251153960910514,530.919,507.721435546875,24962.0,0.7464098761659013,0.9962115668239082,0.9962115668239082,0.0,2.019,1.0095,-24.386962890625,24.386962890625,-0.07870551992515018,0.07870551992515018,1.0,1.0,0.0,0.0,-0.03935275996257509,0.03935275996257509,178
run_06,polar_session_2026-02-04_09-57-46::run_06,polar_session_2026-02-04_09-57-46,primary,sampling,3.0,medium,2,10468,3,success,,532.9380000000001,532.1083984375,25070.0,0.8251153960910514,530.919,507.721435546875,24962.0,0.7464098761659013,0.9962115668239082,0.9962115668239082,0.0,2.019,1.0095,-24.386962890625,24.386962890625,-0.07870551992515018,0.07870551992515018,1.0,1.0,0.0,0.0,-0.03935275996257509,0.03935275996257509,178
run_06,polar_session_2026-02-04_09-57-46::run_06,polar_session_2026-02-04_09-57-46,primary,sampling,3.0,medium,3,10569,3,success,,532.9380000000001,532.1083984375,25070.0,0.8251153960910514,530.919,507.721435546875,24962.0,0.7464098761659013,0.9962115668239082,0.9962115668239082,0.0,2.019,1.0095,-24.386962890625,24.386962890625,-0.07870551992515018,0.07870551992515018,1.0,1.0,0.0,0.0,-0.03935275996257509,0.03935275996257509,178
run_06,polar_session_2026-02-04_09-57-46::run_06,polar_session_2026-02-04_09-57-46,primary,sampling,3.0,medium,4,10670,3,success,,532.9380000000001,532.1083984375,25070.0,0.8251153960910514,530.919,507.721435546875,24962.0,0.7464098761659013,0.9962115668239082,0.9962115668239082,0.0,2.019,1.0095,-24.386962890625,24.386962890625,-0.07870551992515018,0.07870551992515018,1.0,1.0,0.0,0.0,-0.03935275996257509,0.03935275996257509,178
run_06,polar_session_2026-02-04_09-57-46::run_06,polar_session_2026-02-04_09-57-46,primary,sampling,3.0,medium,5,10771,3,success,,532.9380000000001,532.1083984375,25070.0,0.8251153960910514,530.919,507.721435546875,24962.0,0.7464098761659013,0.9962115668239082,0.9962115668239082,0.0,2.019,1.0095,-24.386962890625,24.386962890625,-0.07870551992515018,0.07870551992515018,1.0,1.0,0.0,0.0,-0.03935275996257509,0.03935275996257509,178
run_06,polar_session_2026-02-04_09-57-46::run_06,polar_session_2026-02-04_09-57-46,primary,temporal,0.75,low,1,10372,3,success,,532.9380000000001,532.1083984375,25070.0,0.8251153960910514,532.938,530.147216796875,25070.0,0.8193204450247293,1.0,1.0,0.0,0.0,0.0,-1.961181640625,1.961181640625,-0.005794951066322107,0.005794951066322107,1.0,1.0,0.0,0.0,-0.0028974755331610536,0.0028974755331610536,534
run_06,polar_session_2026-02-04_09-57-46::run_06,polar_session_2026-02-04_09-57-46,primary,temporal,0.75,low,2,10473,3,success,,532.9380000000001,532.1083984375,25070.0,0.8251153960910514,532.938,530.147216796875,25070.0,0.8193204450247293,1.0,1.0,0.0,0.0,0.0,-1.961181640625,1.961181640625,-0.005794951066322107,0.005794951066322107,1.0,1.0,0.0,0.0,-0.0028974755331610536,0.0028974755331610536,534
run_06,polar_session_2026-02-04_09-57-46::run_06,polar_session_2026-02-04_09-57-46,primary,temporal,0.75,low,3,10574,3,success,,532.9380000000001,532.1083984375,25070.0,0.8251153960910514,532.938,530.147216796875,25070.0,0.8193204450247293,1.0,1.0,0.0,0.0,0.0,-1.961181640625,1.961181640625,-0.005794951066322107,0.005794951066322107,1.0,1.0,0.0,0.0,-0.0028974755331610536,0.0028974755331610536,534
run_06,polar_session_2026-02-04_09-57-46::run_06,polar_session_2026-02-04_09-57-46,primary,temporal,0.75,low,4,10675,3,success,,532.9380000000001,532.1083984375,25070.0,0.8251153960910514,532.938,530.147216796875,25070.0,0.8193204450247293,1.0,1.0,0.0,0.0,0.0,-1.961181640625,1.961181640625,-0.005794951066322107,0.005794951066322107,1.0,1.0,0.0,0.0,-0.0028974755331610536,0.0028974755331610536,534
run_06,polar_session_2026-02-04_09-57-46::run_06,polar_session_2026-02-04_09-57-46,primary,temporal,0.75,low,5,10776,3,success,,532.9380000000001,532.1083984375,25070.0,0.8251153960910514,532.938,530.147216796875,25070.0,0.8193204450247293,1.0,1.0,0.0,0.0,0.0,-1.961181640625,1.961181640625,-0.005794951066322107,0.005794951066322107,1.0,1.0,0.0,0.0,-0.0028974755331610536,0.0028974755331610536,534
run_06,polar_session_2026-02-04_09-57-46::run_06,polar_session_2026-02-04_09-57-46,primary,temporal,1.5,medium,1,10377,3,success,,532.9380000000001,532.1083984375,25070.0,0.8251153960910514,532.938,530.147216796875,25070.0,0.8193204450247293,1.0,1.0,0.0,0.0,0.0,-1.961181640625,1.961181640625,-0.005794951066322107,0.005794951066322107,1.0,1.0,0.0,0.0,-0.0028974755331610536,0.0028974755331610536,534
run_06,polar_session_2026-02-04_09-57-46::run_06,polar_session_2026-02-04_09-57-46,primary,temporal,1.5,medium,2,10478,3,success,,532.9380000000001,532.1083984375,25070.0,0.8251153960910514,532.938,530.147216796875,25070.0,0.8193204450247293,1.0,1.0,0.0,0.0,0.0,-1.961181640625,1.961181640625,-0.005794951066322107,0.005794951066322107,1.0,1.0,0.0,0.0,-0.0028974755331610536,0.0028974755331610536,534
run_06,polar_session_2026-02-04_09-57-46::run_06,polar_session_2026-02-04_09-57-46,primary,temporal,1.5,medium,3,10579,3,success,,532.9380000000001,532.1083984375,25070.0,0.8251153960910514,532.938,530.147216796875,25070.0,0.8193204450247293,1.0,1.0,0.0,0.0,0.0,-1.961181640625,1.961181640625,-0.005794951066322107,0.005794951066322107,1.0,1.0,0.0,0.0,-0.0028974755331610536,0.0028974755331610536,534
run_06,polar_session_2026-02-04_09-57-46::run_06,polar_session_2026-02-04_09-57-46,primary,temporal,1.5,medium,4,10680,3,success,,532.9380000000001,532.1083984375,25070.0,0.8251153960910514,532.938,530.147216796875,25070.0,0.8193204450247293,1.0,1.0,0.0,0.0,0.0,-1.961181640625,1.961181640625,-0.005794951066322107,0.005794951066322107,1.0,1.0,0.0,0.0,-0.0028974755331610536,0.0028974755331610536,534
run_06,polar_session_2026-02-04_09-57-46::run_06,polar_session_2026-02-04_09-57-46,primary,temporal,1.5,medium,5,10781,3,success,,532.9380000000001,532.1083984375,25070.0,0.8251153960910514,532.938,530.147216796875,25070.0,0.8193204450247293,1.0,1.0,0.0,0.0,0.0,-1.961181640625,1.961181640625,-0.005794951066322107,0.005794951066322107,1.0,1.0,0.0,0.0,-0.0028974755331610536,0.0028974755331610536,534
run_07,polar_session_2026-02-04_09-57-46::run_07,polar_session_2026-02-04_09-57-46,primary,elevation,2.0,low,1,11342,3,success,,419.91799999999967,496.943603515625,14974.0,0.09990535049348348,419.918,493.658137863192,14974.0,0.09019737021692742,1.0,1.0,0.0,0.0,0.0,-3.285465652433004,3.285465652433004,-0.00970798027655606,0.00970798027655606,1.0,1.0,0.0,0.0,-0.00485399013827803,0.00485399013827803,421
run_07,polar_session_2026-02-04_09-57-46::run_07,polar_session_2026-02-04_09-57-46,primary,elevation,2.0,low,2,11443,3,success,,419.91799999999967,496.943603515625,14974.0,0.09990535049348348,419.918,489.18966518499883,14974.0,0.07699380968233338,1.0,1.0,0.0,0.0,0.0,-7.75393833062617,7.75393833062617,-0.0229115408111501,0.0229115408111501,1.0,1.0,0.0,0.0,-0.01145577040557505,0.01145577040557505,421
run_07,polar_session_2026-02-04_09-57-46::run_07,polar_session_2026-02-04_09-57-46,primary,elevation,2.0,low,3,11544,3,success,,419.91799999999967,496.943603515625,14974.0,0.09990535049348348,419.918,486.9221601472741,14974.0,0.0702937261897783,1.0,1.0,0.0,0.0,0.0,-10.021443368350901,10.021443368350901,-0.029611624303705175,0.029611624303705175,1.0,1.0,0.0,0.0,-0.01480581215185256,0.01480581215185256,421
run_07,polar_session_2026-02-04_09-57-46::run_07,polar_session_2026-02-04_09-57-46,primary,elevation,2.0,low,4,11645,3,success,,419.91799999999967,496.943603515625,14974.0,0.09990535049348348,419.918,488.7126403173777,14974.0,0.07558428406368528,1.0,1.0,0.0,0.0,0.0,-8.23096319824731,8.23096319824731,-0.0243210664297982,0.0243210664297982,1.0,1.0,0.0,0.0,-0.012160533214899127,0.012160533214899127,421
run_07,polar_session_2026-02-04_09-57-46::run_07,polar_session_2026-02-04_09-57-46,primary,elevation,2.0,low,5,11746,3,success,,419.91799999999967,496.943603515625,14974.0,0.09990535049348348,419.918,489.38863230836387,14974.0,0.07758172296880483,1.0,1.0,0.0,0.0,0.0,-7.554971207261133,7.554971207261133,-0.022323627524678646,0.022323627524678646,1.0,1.0,0.0,0.0,-0.011161813762339323,0.011161813762339323,421
run_07,polar_session_2026-02-04_09-57-46::run_07,polar_session_2026-02-04_09-57-46,primary,elevation,5.0,medium,1,11347,3,success,,419.91799999999967,496.943603515625,14974.0,0.09990535049348348,419.918,487.18957220269,14974.0,0.07108388236072116,1.0,1.0,0.0,0.0,0.0,-9.754031312935012,9.754031312935012,-0.028821468132762318,0.028821468132762318,1.0,1.0,0.0,0.0,-0.014410734066381159,0.014410734066381159,421
run_07,polar_session_2026-02-04_09-57-46::run_07,polar_session_2026-02-04_09-57-46,primary,elevation,5.0,medium,2,11448,3,success,,419.91799999999967,496.943603515625,14974.0,0.09990535049348348,419.918,489.897538846692,14974.0,0.07908545338614797,1.0,1.0,0.0,0.0,0.0,-7.046064668933013,7.046064668933013,-0.020819897107335505,0.020819897107335505,1.0,1.0,0.0,0.0,-0.01040994855366778,0.01040994855366778,421
run_07,polar_session_2026-02-04_09-57-46::run_07,polar_session_2026-02-04_09-57-46,primary,elevation,5.0,medium,3,11549,3,success,,419.91799999999967,496.943603515625,14974.0,0.09990535049348348,419.918,491.1116628104139,14974.0,0.08267297879046259,1.0,1.0,0.0,0.0,0.0,-5.831940705211082,5.831940705211082,-0.017232371703020888,0.017232371703020888,1.0,1.0,0.0,0.0,-0.008616185851510416,0.008616185851510416,421
run_07,polar_session_2026-02-04_09-57-46::run_07,polar_session_2026-02-04_09-57-46,primary,elevation,5.0,medium,4,11650,3,success,,419.91799999999967,496.943603515625,14974.0,0.09990535049348348,419.918,488.02410687250085,14974.0,0.07354978734092588,1.0,1.0,0.0,0.0,0.0,-8.919496643124148,8.919496643124148,-0.026355563152557604,0.026355563152557604,1.0,1.0,0.0,0.0,-0.013177781576278802,0.013177781576278802,421
run_07,polar_session_2026-02-04_09-57-46::run_07,polar_session_2026-02-04_09-57-46,primary,elevation,5.0,medium,5,11751,3,success,,419.91799999999967,496.943603515625,14974.0,0.09990535049348348,419.918,489.6021408881138,14974.0,0.07821260373286121,1.0,1.0,0.0,0.0,0.0,-7.341462627511191,7.341462627511191,-0.021692746760622272,0.021692746760622272,1.0,1.0,0.0,0.0,-0.010846373380311136,0.010846373380311136,421
run_07,polar_session_2026-02-04_09-57-46::run_07,polar_session_2026-02-04_09-57-46,primary,position,2.0,low,1,11352,3,success,,419.91799999999967,496.943603515625,14974.0,0.09990535049348348,419.918,487.80126953125,14974.0,0.07289134170715661,1.0,1.0,0.0,0.0,0.0,-9.142333984375,9.142333984375,-0.02701400878632687,0.02701400878632687,1.0,1.0,0.0,0.0,-0.013507004393163435,0.013507004393163435,421
run_07,polar_session_2026-02-04_09-57-46::run_07,polar_session_2026-02-04_09-57-46,primary,position,2.0,low,2,11453,3,success,,419.91799999999967,496.943603515625,14974.0,0.09990535049348348,419.918,487.80126953125,14974.0,0.07289134170715661,1.0,1.0,0.0,0.0,0.0,-9.142333984375,9.142333984375,-0.02701400878632687,0.02701400878632687,1.0,1.0,0.0,0.0,-0.013507004393163435,0.013507004393163435,421
run_07,polar_session_2026-02-04_09-57-46::run_07,polar_session_2026-02-04_09-57-46,primary,position,2.0,low,3,11554,3,success,,419.91799999999967,496.943603515625,14974.0,0.09990535049348348,419.918,487.80126953125,14974.0,0.07289134170715661,1.0,1.0,0.0,0.0,0.0,-9.142333984375,9.142333984375,-0.02701400878632687,0.02701400878632687,1.0,1.0,0.0,0.0,-0.013507004393163435,0.013507004393163435,421
run_07,polar_session_2026-02-04_09-57-46::run_07,polar_session_2026-02-04_09-57-46,primary,position,2.0,low,4,11655,3,success,,419.91799999999967,496.943603515625,14974.0,0.09990535049348348,419.918,487.80126953125,14974.0,0.07289134170715661,1.0,1.0,0.0,0.0,0.0,-9.142333984375,9.142333984375,-0.02701400878632687,0.02701400878632687,1.0,1.0,0.0,0.0,-0.013507004393163435,0.013507004393163435,421
run_07,polar_session_2026-02-04_09-57-46::run_07,polar_session_2026-02-04_09-57-46,primary,position,2.0,low,5,11756,3,success,,419.91799999999967,496.943603515625,14974.0,0.09990535049348348,419.918,487.80126953125,14974.0,0.07289134170715661,1.0,1.0,0.0,0.0,0.0,-9.142333984375,9.142333984375,-0.02701400878632687,0.02701400878632687,1.0,1.0,0.0,0.0,-0.013507004393163435,0.013507004393163435,421
run_07,polar_session_2026-02-04_09-57-46::run_07,polar_session_2026-02-04_09-57-46,primary,position,5.0,medium,1,11357,3,success,,419.91799999999967,496.943603515625,14974.0,0.09990535049348348,419.918,487.80126953125,14974.0,0.07289134170715661,1.0,1.0,0.0,0.0,0.0,-9.142333984375,9.142333984375,-0.02701400878632687,0.02701400878632687,1.0,1.0,0.0,0.0,-0.013507004393163435,0.013507004393163435,421
run_07,polar_session_2026-02-04_09-57-46::run_07,polar_session_2026-02-04_09-57-46,primary,position,5.0,medium,2,11458,3,success,,419.91799999999967,496.943603515625,14974.0,0.09990535049348348,419.918,487.80126953125,14974.0,0.07289134170715661,1.0,1.0,0.0,0.0,0.0,-9.142333984375,9.142333984375,-0.02701400878632687,0.02701400878632687,1.0,1.0,0.0,0.0,-0.013507004393163435,0.013507004393163435,421
run_07,polar_session_2026-02-04_09-57-46::run_07,polar_session_2026-02-04_09-57-46,primary,position,5.0,medium,3,11559,3,success,,419.91799999999967,496.943603515625,14974.0,0.09990535049348348,419.918,487.80126953125,14974.0,0.07289134170715661,1.0,1.0,0.0,0.0,0.0,-9.142333984375,9.142333984375,-0.02701400878632687,0.02701400878632687,1.0,1.0,0.0,0.0,-0.013507004393163435,0.013507004393163435,421
run_07,polar_session_2026-02-04_09-57-46::run_07,polar_session_2026-02-04_09-57-46,primary,position,5.0,medium,4,11660,3,success,,419.91799999999967,496.943603515625,14974.0,0.09990535049348348,419.918,499.4765625,14974.0,0.10738980428572692,1.0,1.0,0.0,0.0,0.0,2.532958984375,2.532958984375,0.0074844537922434395,0.0074844537922434395,1.0,1.0,0.0,0.0,0.0037422268961217475,0.0037422268961217475,421
run_07,polar_session_2026-02-04_09-57-46::run_07,polar_session_2026-02-04_09-57-46,primary,position,5.0,medium,5,11761,3,success,,419.91799999999967,496.943603515625,14974.0,0.09990535049348348,419.918,487.80126953125,14974.0,0.07289134170715661,1.0,1.0,0.0,0.0,0.0,-9.142333984375,9.142333984375,-0.02701400878632687,0.02701400878632687,1.0,1.0,0.0,0.0,-0.013507004393163435,0.013507004393163435,421
run_07,polar_session_2026-02-04_09-57-46::run_07,polar_session_2026-02-04_09-57-46,primary,sampling,2.0,low,1,11362,3,success,,419.91799999999967,496.943603515625,14974.0,0.09990535049348348,419.918,487.80126953125,14974.0,0.07289134170715661,1.0,1.0,0.0,0.0,0.0,-9.142333984375,9.142333984375,-0.02701400878632687,0.02701400878632687,1.0,1.0,0.0,0.0,-0.013507004393163435,0.013507004393163435,211
run_07,polar_session_2026-02-04_09-57-46::run_07,polar_session_2026-02-04_09-57-46,primary,sampling,2.0,low,2,11463,3,success,,419.91799999999967,496.943603515625,14974.0,0.09990535049348348,419.918,487.80126953125,14974.0,0.07289134170715661,1.0,1.0,0.0,0.0,0.0,-9.142333984375,9.142333984375,-0.02701400878632687,0.02701400878632687,1.0,1.0,0.0,0.0,-0.013507004393163435,0.013507004393163435,211
run_07,polar_session_2026-02-04_09-57-46::run_07,polar_session_2026-02-04_09-57-46,primary,sampling,2.0,low,3,11564,3,success,,419.91799999999967,496.943603515625,14974.0,0.09990535049348348,419.918,487.80126953125,14974.0,0.07289134170715661,1.0,1.0,0.0,0.0,0.0,-9.142333984375,9.142333984375,-0.02701400878632687,0.02701400878632687,1.0,1.0,0.0,0.0,-0.013507004393163435,0.013507004393163435,211
run_07,polar_session_2026-02-04_09-57-46::run_07,polar_session_2026-02-04_09-57-46,primary,sampling,2.0,low,4,11665,3,success,,419.91799999999967,496.943603515625,14974.0,0.09990535049348348,419.918,487.80126953125,14974.0,0.07289134170715661,1.0,1.0,0.0,0.0,0.0,-9.142333984375,9.142333984375,-0.02701400878632687,0.02701400878632687,1.0,1.0,0.0,0.0,-0.013507004393163435,0.013507004393163435,211
run_07,polar_session_2026-02-04_09-57-46::run_07,polar_session_2026-02-04_09-57-46,primary,sampling,2.0,low,5,11766,3,success,,419.91799999999967,496.943603515625,14974.0,0.09990535049348348,419.918,487.80126953125,14974.0,0.07289134170715661,1.0,1.0,0.0,0.0,0.0,-9.142333984375,9.142333984375,-0.02701400878632687,0.02701400878632687,1.0,1.0,0.0,0.0,-0.013507004393163435,0.013507004393163435,211
run_07,polar_session_2026-02-04_09-57-46::run_07,polar_session_2026-02-04_09-57-46,primary,sampling,3.0,medium,1,11367,3,success,,419.91799999999967,496.943603515625,14974.0,0.09990535049348348,419.918,487.80126953125,14974.0,0.07289134170715661,1.0,1.0,0.0,0.0,0.0,-9.142333984375,9.142333984375,-0.02701400878632687,0.02701400878632687,1.0,1.0,0.0,0.0,-0.013507004393163435,0.013507004393163435,141
run_07,polar_session_2026-02-04_09-57-46::run_07,polar_session_2026-02-04_09-57-46,primary,sampling,3.0,medium,2,11468,3,success,,419.91799999999967,496.943603515625,14974.0,0.09990535049348348,419.918,487.80126953125,14974.0,0.07289134170715661,1.0,1.0,0.0,0.0,0.0,-9.142333984375,9.142333984375,-0.02701400878632687,0.02701400878632687,1.0,1.0,0.0,0.0,-0.013507004393163435,0.013507004393163435,141
run_07,polar_session_2026-02-04_09-57-46::run_07,polar_session_2026-02-04_09-57-46,primary,sampling,3.0,medium,3,11569,3,success,,419.91799999999967,496.943603515625,14974.0,0.09990535049348348,419.918,487.80126953125,14974.0,0.07289134170715661,1.0,1.0,0.0,0.0,0.0,-9.142333984375,9.142333984375,-0.02701400878632687,0.02701400878632687,1.0,1.0,0.0,0.0,-0.013507004393163435,0.013507004393163435,141
run_07,polar_session_2026-02-04_09-57-46::run_07,polar_session_2026-02-04_09-57-46,primary,sampling,3.0,medium,4,11670,3,success,,419.91799999999967,496.943603515625,14974.0,0.09990535049348348,419.918,487.80126953125,14974.0,0.07289134170715661,1.0,1.0,0.0,0.0,0.0,-9.142333984375,9.142333984375,-0.02701400878632687,0.02701400878632687,1.0,1.0,0.0,0.0,-0.013507004393163435,0.013507004393163435,141
run_07,polar_session_2026-02-04_09-57-46::run_07,polar_session_2026-02-04_09-57-46,primary,sampling,3.0,medium,5,11771,3,success,,419.91799999999967,496.943603515625,14974.0,0.09990535049348348,419.918,487.80126953125,14974.0,0.07289134170715661,1.0,1.0,0.0,0.0,0.0,-9.142333984375,9.142333984375,-0.02701400878632687,0.02701400878632687,1.0,1.0,0.0,0.0,-0.013507004393163435,0.013507004393163435,141
run_07,polar_session_2026-02-04_09-57-46::run_07,polar_session_2026-02-04_09-57-46,primary,temporal,0.75,low,1,11372,3,success,,419.91799999999967,496.943603515625,14974.0,0.09990535049348348,419.918,487.80126953125,14974.0,0.07289134170715661,1.0,1.0,0.0,0.0,0.0,-9.142333984375,9.142333984375,-0.02701400878632687,0.02701400878632687,1.0,1.0,0.0,0.0,-0.013507004393163435,0.013507004393163435,421
run_07,polar_session_2026-02-04_09-57-46::run_07,polar_session_2026-02-04_09-57-46,primary,temporal,0.75,low,2,11473,3,success,,419.91799999999967,496.943603515625,14974.0,0.09990535049348348,419.918,487.80126953125,14974.0,0.07289134170715661,1.0,1.0,0.0,0.0,0.0,-9.142333984375,9.142333984375,-0.02701400878632687,0.02701400878632687,1.0,1.0,0.0,0.0,-0.013507004393163435,0.013507004393163435,421
run_07,polar_session_2026-02-04_09-57-46::run_07,polar_session_2026-02-04_09-57-46,primary,temporal,0.75,low,3,11574,3,success,,419.91799999999967,496.943603515625,14974.0,0.09990535049348348,419.918,487.80126953125,14974.0,0.07289134170715661,1.0,1.0,0.0,0.0,0.0,-9.142333984375,9.142333984375,-0.02701400878632687,0.02701400878632687,1.0,1.0,0.0,0.0,-0.013507004393163435,0.013507004393163435,421
run_07,polar_session_2026-02-04_09-57-46::run_07,polar_session_2026-02-04_09-57-46,primary,temporal,0.75,low,4,11675,3,success,,419.91799999999967,496.943603515625,14974.0,0.09990535049348348,419.918,487.80126953125,14974.0,0.07289134170715661,1.0,1.0,0.0,0.0,0.0,-9.142333984375,9.142333984375,-0.02701400878632687,0.02701400878632687,1.0,1.0,0.0,0.0,-0.013507004393163435,0.013507004393163435,421
run_07,polar_session_2026-02-04_09-57-46::run_07,polar_session_2026-02-04_09-57-46,primary,temporal,0.75,low,5,11776,3,success,,419.91799999999967,496.943603515625,14974.0,0.09990535049348348,419.918,487.80126953125,14974.0,0.07289134170715661,1.0,1.0,0.0,0.0,0.0,-9.142333984375,9.142333984375,-0.02701400878632687,0.02701400878632687,1.0,1.0,0.0,0.0,-0.013507004393163435,0.013507004393163435,421
run_07,polar_session_2026-02-04_09-57-46::run_07,polar_session_2026-02-04_09-57-46,primary,temporal,1.5,medium,1,11377,3,success,,419.91799999999967,496.943603515625,14974.0,0.09990535049348348,419.918,487.80126953125,14974.0,0.07289134170715661,1.0,1.0,0.0,0.0,0.0,-9.142333984375,9.142333984375,-0.02701400878632687,0.02701400878632687,1.0,1.0,0.0,0.0,-0.013507004393163435,0.013507004393163435,421
run_07,polar_session_2026-02-04_09-57-46::run_07,polar_session_2026-02-04_09-57-46,primary,temporal,1.5,medium,2,11478,3,success,,419.91799999999967,496.943603515625,14974.0,0.09990535049348348,419.918,487.80126953125,14974.0,0.07289134170715661,1.0,1.0,0.0,0.0,0.0,-9.142333984375,9.142333984375,-0.02701400878632687,0.02701400878632687,1.0,1.0,0.0,0.0,-0.013507004393163435,0.013507004393163435,421
run_07,polar_session_2026-02-04_09-57-46::run_07,polar_session_2026-02-04_09-57-46,primary,temporal,1.5,medium,3,11579,3,success,,419.91799999999967,496.943603515625,14974.0,0.09990535049348348,419.918,487.80126953125,14974.0,0.07289134170715661,1.0,1.0,0.0,0.0,0.0,-9.142333984375,9.142333984375,-0.02701400878632687,0.02701400878632687,1.0,1.0,0.0,0.0,-0.013507004393163435,0.013507004393163435,421
run_07,polar_session_2026-02-04_09-57-46::run_07,polar_session_2026-02-04_09-57-46,primary,temporal,1.5,medium,4,11680,3,success,,419.91799999999967,496.943603515625,14974.0,0.09990535049348348,419.918,487.80126953125,14974.0,0.07289134170715661,1.0,1.0,0.0,0.0,0.0,-9.142333984375,9.142333984375,-0.02701400878632687,0.02701400878632687,1.0,1.0,0.0,0.0,-0.013507004393163435,0.013507004393163435,421
run_07,polar_session_2026-02-04_09-57-46::run_07,polar_session_2026-02-04_09-57-46,primary,temporal,1.5,medium,5,11781,3,success,,419.91799999999967,496.943603515625,14974.0,0.09990535049348348,419.918,487.80126953125,14974.0,0.07289134170715661,1.0,1.0,0.0,0.0,0.0,-9.142333984375,9.142333984375,-0.02701400878632687,0.02701400878632687,1.0,1.0,0.0,0.0,-0.013507004393163435,0.013507004393163435,421
